candidate_id,source,parent_event_id,charge,x_hit_m,slope_rad,energy_gev
0.0,signal_electron,6.0,1.0,-0.02046171462898928,-0.013339113376025124,0.22639835529919405
1.0,signal_electron,6.0,-1.0,0.02046171462898928,0.013339113376025124,0.21366029402468165
2.0,signal_electron,21.0,1.0,0.04829134377514669,0.016375722939842494,0.16193110544961495
3.0,signal_electron,21.0,-1.0,-0.04829134377514669,-0.016375722939842494,0.24845079769243641
4.0,signal_electron,24.0,1.0,-0.029994274711801865,-0.01595405626911439,0.2575132066262093
5.0,signal_electron,24.0,-1.0,0.029994274711801865,0.01595405626911439,0.1879455738041264
6.0,signal_electron,25.0,1.0,-0.010924100049687416,-0.002447147061922145,0.18450669363559696
7.0,signal_electron,25.0,-1.0,0.010924100049687416,0.002447147061922145,0.1867028700731873
8.0,signal_electron,30.0,1.0,0.07340389404538265,0.016388958064464672,0.21694569807515632
9.0,signal_electron,30.0,-1.0,-0.07340389404538265,-0.016388958064464672,0.2093714005213138
10.0,signal_electron,51.0,1.0,0.11391007523400007,0.04170482690838922,0.09585707798640263
11.0,signal_electron,51.0,-1.0,-0.11391007523400007,-0.04170482690838922,0.08018494768309439
12.0,signal_electron,53.0,1.0,0.14907166568219027,0.03417335434403849,0.1403562556076942
13.0,signal_electron,53.0,-1.0,-0.14907166568219027,-0.03417335434403849,0.13914255012529403
14.0,signal_electron,67.0,1.0,0.09232237590838925,0.032529718008171,0.19418186353867423
15.0,signal_electron,67.0,-1.0,-0.09232237590838925,-0.032529718008171,0.12470153163158093
16.0,signal_electron,73.0,1.0,0.00925676003690551,0.013957879514028078,0.264135076325049
17.0,signal_electron,73.0,-1.0,-0.00925676003690551,-0.013957879514028078,0.19682418173962943
18.0,signal_electron,81.0,1.0,0.12229795076129647,0.026649655857856964,0.12149287474719465
19.0,signal_electron,81.0,-1.0,-0.12229795076129647,-0.026649655857856964,0.1006003795317778
20.0,signal_electron,87.0,1.0,0.039166300519539975,0.010964537712618143,0.19578682601683486
21.0,signal_electron,87.0,-1.0,-0.039166300519539975,-0.010964537712618143,0.20082179914403722
22.0,signal_electron,88.0,1.0,0.0637840692663342,0.01489377958460586,0.17196663722276556
23.0,signal_electron,88.0,-1.0,-0.0637840692663342,-0.01489377958460586,0.19437303936390438
24.0,signal_electron,99.0,1.0,-0.058516479077827865,-0.022867795989358838,0.254685913877885
25.0,signal_electron,99.0,-1.0,0.058516479077827865,0.022867795989358838,0.18430554937214155
26.0,signal_electron,118.0,1.0,-0.07005886681748254,-0.02262009130535976,0.1832862876453955
27.0,signal_electron,118.0,-1.0,0.07005886681748254,0.02262009130535976,0.16332464608021743
28.0,signal_electron,157.0,1.0,0.03760513603399808,0.019606684006260137,0.13448523179895033
29.0,signal_electron,157.0,-1.0,-0.03760513603399808,-0.019606684006260137,0.1735803275293941
30.0,signal_electron,164.0,1.0,-0.1394604826020044,-0.031045423162947852,0.1202668921554816
31.0,signal_electron,164.0,-1.0,0.1394604826020044,0.031045423162947852,0.17773103132195833
32.0,signal_electron,165.0,1.0,-0.03163640411298919,-0.01042860547143793,0.18585018007599913
33.0,signal_electron,165.0,-1.0,0.03163640411298919,0.01042860547143793,0.2527242206694409
34.0,signal_electron,167.0,1.0,-0.08014943172723915,-0.02601095169371352,0.19091104345466806
35.0,signal_electron,167.0,-1.0,0.08014943172723915,0.02601095169371352,0.13525467161807617
36.0,signal_electron,177.0,1.0,0.024846908763951254,0.01570228187824144,0.16607295284648144
37.0,signal_electron,177.0,-1.0,-0.024846908763951254,-0.01570228187824144,0.20426231678544118
38.0,signal_electron,180.0,1.0,0.018600483297635577,0.004202163636272225,0.17005495593034556
39.0,signal_electron,180.0,-1.0,-0.018600483297635577,-0.004202163636272225,0.25048444474875714
40.0,signal_electron,188.0,1.0,-0.04465890102679555,-0.012148259191534335,0.2170425965967693
41.0,signal_electron,188.0,-1.0,0.04465890102679555,0.012148259191534335,0.25146609992278685
42.0,signal_electron,191.0,1.0,-0.04270399988095184,-0.012123500876171468,0.19215013466453237
43.0,signal_electron,191.0,-1.0,0.04270399988095184,0.012123500876171468,0.25871709758155687
44.0,signal_electron,196.0,1.0,0.059680906328389474,0.024927103802565284,0.12586271324227746
45.0,signal_electron,196.0,-1.0,-0.059680906328389474,-0.024927103802565284,0.1587563810659258
46.0,signal_electron,208.0,1.0,0.03926237500003476,0.020567542952184357,0.1638910212798764
47.0,signal_electron,208.0,-1.0,-0.03926237500003476,-0.020567542952184357,0.2389988384243883
48.0,signal_electron,217.0,1.0,-0.09069144634606516,-0.02323514668899297,0.1121536840626537
49.0,signal_electron,217.0,-1.0,0.09069144634606516,0.02323514668899297,0.07897400398103069
50.0,signal_electron,221.0,1.0,-0.011236862679048616,-0.005806805030471922,0.0796388805998856
51.0,signal_electron,221.0,-1.0,0.011236862679048616,0.005806805030471922,0.09752323791765004
52.0,signal_electron,244.0,1.0,-0.0182931836375311,-0.021632785886470583,0.18334405794261327
53.0,signal_electron,244.0,-1.0,0.0182931836375311,0.021632785886470583,0.1828602885636276
54.0,signal_electron,270.0,1.0,0.09588321690885093,0.026057088032692653,0.12625043209150047
55.0,signal_electron,270.0,-1.0,-0.09588321690885093,-0.026057088032692653,0.15802138585762684
56.0,signal_electron,272.0,1.0,-0.026213722198620393,-0.005929667492074067,0.24392407257613882
57.0,signal_electron,272.0,-1.0,0.026213722198620393,0.005929667492074067,0.19921683641062357
58.0,signal_electron,274.0,1.0,-0.03628578442578184,-0.015054180221417756,0.17070229420861782
59.0,signal_electron,274.0,-1.0,0.03628578442578184,0.015054180221417756,0.2399377401548193
60.0,signal_electron,276.0,1.0,-0.08649477894572526,-0.0202664485472097,0.17715548064208742
61.0,signal_electron,276.0,-1.0,0.08649477894572526,0.0202664485472097,0.1531661789169753
62.0,signal_electron,282.0,1.0,0.06069484447015272,0.016266891327057127,0.23542103410231868
63.0,signal_electron,282.0,-1.0,-0.06069484447015272,-0.016266891327057127,0.24999691312730132
64.0,signal_electron,290.0,1.0,0.01815473260666061,0.007754879310882502,0.20510273319284578
65.0,signal_electron,290.0,-1.0,-0.01815473260666061,-0.007754879310882502,0.19628098181266018
66.0,signal_electron,308.0,1.0,-0.019407666967402863,-0.012795230378637952,0.18548084969986953
67.0,signal_electron,308.0,-1.0,0.019407666967402863,0.012795230378637952,0.23684650320409634
68.0,signal_electron,310.0,1.0,0.043914526078290404,0.015992387895808396,0.22845917650832084
69.0,signal_electron,310.0,-1.0,-0.043914526078290404,-0.015992387895808396,0.18888436967505812
70.0,signal_electron,313.0,1.0,-0.127724186084487,-0.02837506466594779,0.17128183176819
71.0,signal_electron,313.0,-1.0,0.127724186084487,0.02837506466594779,0.11652251752983601
72.0,signal_electron,324.0,1.0,-0.10025522038404361,-0.027692351096494164,0.1531128893638951
73.0,signal_electron,324.0,-1.0,0.10025522038404361,0.027692351096494164,0.11630486698205052
74.0,signal_electron,330.0,1.0,-0.0381721052731461,-0.026469578057961945,0.23869732459646031
75.0,signal_electron,330.0,-1.0,0.0381721052731461,0.026469578057961945,0.1492984345812834
76.0,signal_electron,331.0,1.0,-0.024851695642585412,-0.018177697376669247,0.23168040158066022
77.0,signal_electron,331.0,-1.0,0.024851695642585412,0.018177697376669247,0.2378635740172388
78.0,signal_electron,340.0,1.0,0.02085754307287985,0.004751500581423679,0.21867336605829463
79.0,signal_electron,340.0,-1.0,-0.02085754307287985,-0.004751500581423679,0.1449272087446038
80.0,signal_electron,343.0,1.0,-0.08072128979139426,-0.019333380639726543,0.25619420703235674
81.0,signal_electron,343.0,-1.0,0.08072128979139426,0.019333380639726543,0.20814093617384083
82.0,signal_electron,345.0,1.0,-0.07753286363722339,-0.018441360672794893,0.14537083104661505
83.0,signal_electron,345.0,-1.0,0.07753286363722339,0.018441360672794893,0.0989102314817392
84.0,signal_electron,358.0,1.0,-0.043482453883894025,-0.01826099695974191,0.1868047402767821
85.0,signal_electron,358.0,-1.0,0.043482453883894025,0.01826099695974191,0.1667216795570886
86.0,signal_electron,370.0,1.0,-0.006862114051930585,-0.009369686229555592,0.18251534734045902
87.0,signal_electron,370.0,-1.0,0.006862114051930585,0.009369686229555592,0.1687528552498594
88.0,signal_electron,371.0,1.0,0.1238901472554742,0.028700715289189698,0.188861139986808
89.0,signal_electron,371.0,-1.0,-0.1238901472554742,-0.028700715289189698,0.23958503149062219
90.0,signal_electron,392.0,1.0,-0.10590409141543321,-0.03024000148490486,0.24995725129939556
91.0,signal_electron,392.0,-1.0,0.10590409141543321,0.03024000148490486,0.18046823956411237
92.0,signal_electron,399.0,1.0,-0.26522735268777947,-0.061920439839792354,0.09018826820601193
93.0,signal_electron,399.0,-1.0,0.26522735268777947,0.061920439839792354,0.05713494716255528
94.0,signal_electron,402.0,1.0,0.08812489999959372,0.019784927977673544,0.16009517981301088
95.0,signal_electron,402.0,-1.0,-0.08812489999959372,-0.019784927977673544,0.10366362261512767
96.0,signal_electron,403.0,1.0,0.06393347233255181,0.015203500215930966,0.09238171059086392
97.0,signal_electron,403.0,-1.0,-0.06393347233255181,-0.015203500215930966,0.1321900644050611
98.0,signal_electron,407.0,1.0,0.07933524738649912,0.02692839854110313,0.11537509758591041
99.0,signal_electron,407.0,-1.0,-0.07933524738649912,-0.02692839854110313,0.083969194787394
100.0,signal_electron,412.0,1.0,0.06328595846140428,0.03641117066313721,0.10669090809223855
101.0,signal_electron,412.0,-1.0,-0.06328595846140428,-0.03641117066313721,0.1650714047366882
102.0,signal_electron,413.0,1.0,-0.02385217928741768,-0.02034579589872784,0.11971015947575767
103.0,signal_electron,413.0,-1.0,0.02385217928741768,0.02034579589872784,0.1979741440951793
104.0,signal_electron,428.0,1.0,0.04897283417243819,0.011364830063291403,0.1866398096944026
105.0,signal_electron,428.0,-1.0,-0.04897283417243819,-0.011364830063291403,0.219000201658644
106.0,signal_electron,430.0,1.0,0.008781259697520673,0.0026964869828482335,0.1653318071093781
107.0,signal_electron,430.0,-1.0,-0.008781259697520673,-0.0026964869828482335,0.22549655728986823
108.0,signal_electron,433.0,1.0,0.036493712693216246,0.00994854587595184,0.2299919491445841
109.0,signal_electron,433.0,-1.0,-0.036493712693216246,-0.00994854587595184,0.236046605704073
110.0,signal_electron,435.0,1.0,-0.017441868738964778,-0.009270791465432054,0.09816921090113448
111.0,signal_electron,435.0,-1.0,0.017441868738964778,0.009270791465432054,0.12655471399071394
112.0,signal_electron,437.0,1.0,-0.08748380915419068,-0.019808249596281573,0.15227389449417184
113.0,signal_electron,437.0,-1.0,0.08748380915419068,0.019808249596281573,0.19465289324418797
114.0,signal_electron,447.0,1.0,-0.013844739980679683,-0.007320274975438472,0.1530309331070635
115.0,signal_electron,447.0,-1.0,0.013844739980679683,0.007320274975438472,0.16519014897320036
116.0,signal_electron,454.0,1.0,-0.03659449083527547,-0.008206111368132757,0.18559065617466677
117.0,signal_electron,454.0,-1.0,0.03659449083527547,0.008206111368132757,0.2435549756237592
118.0,signal_electron,463.0,1.0,0.051227332980187966,0.01416779469580131,0.08841645212877441
119.0,signal_electron,463.0,-1.0,-0.051227332980187966,-0.01416779469580131,0.09816437422421612
120.0,signal_electron,467.0,1.0,0.031194021612248317,0.009819843396042773,0.17214621990412488
121.0,signal_electron,467.0,-1.0,-0.031194021612248317,-0.009819843396042773,0.255047675359585
122.0,signal_electron,471.0,1.0,0.0379161618432624,0.009722077054300232,0.18073830530492288
123.0,signal_electron,471.0,-1.0,-0.0379161618432624,-0.009722077054300232,0.2323825008282061
124.0,signal_electron,472.0,1.0,-0.04279906837558555,-0.022695280746958476,0.139809642360133
125.0,signal_electron,472.0,-1.0,0.04279906837558555,0.022695280746958476,0.17872495429108523
126.0,signal_electron,511.0,1.0,-0.04682460405836848,-0.020284105544850356,0.23886912501082105
127.0,signal_electron,511.0,-1.0,0.04682460405836848,0.020284105544850356,0.22814566193436556
128.0,signal_electron,531.0,1.0,0.09794714096571971,0.023711283037768576,0.12914033694227617
129.0,signal_electron,531.0,-1.0,-0.09794714096571971,-0.023711283037768576,0.1563063100954475
130.0,signal_electron,537.0,1.0,-0.17610751838237076,-0.040122788882852464,0.11751885096677006
131.0,signal_electron,537.0,-1.0,0.17610751838237076,0.040122788882852464,0.14342718675491137
132.0,signal_electron,540.0,1.0,0.1755698068680479,0.03858276090565249,0.15969659598177502
133.0,signal_electron,540.0,-1.0,-0.1755698068680479,-0.03858276090565249,0.13363257559407907
134.0,signal_electron,543.0,1.0,-0.03226119562674087,-0.018676992736633095,0.16302065090355822
135.0,signal_electron,543.0,-1.0,0.03226119562674087,0.018676992736633095,0.13322819341056755
136.0,signal_electron,544.0,1.0,0.0665706818186952,0.020621067813166558,0.2711123091927743
137.0,signal_electron,544.0,-1.0,-0.0665706818186952,-0.020621067813166558,0.19379372040514184
138.0,signal_electron,546.0,1.0,-0.0207003143587363,-0.00868657640995493,0.17120704340646972
139.0,signal_electron,546.0,-1.0,0.0207003143587363,0.00868657640995493,0.12892459772765452
140.0,signal_electron,552.0,1.0,0.020089668405117667,0.00992437023109222,0.1682236786198129
141.0,signal_electron,552.0,-1.0,-0.020089668405117667,-0.00992437023109222,0.25489379744613544
142.0,signal_electron,553.0,1.0,0.07366974152107786,0.024975434782080988,0.17564928947712324
143.0,signal_electron,553.0,-1.0,-0.07366974152107786,-0.024975434782080988,0.254641749467639
144.0,signal_electron,554.0,1.0,-0.03134667466968713,-0.01397341940252,0.2189052141739603
145.0,signal_electron,554.0,-1.0,0.03134667466968713,0.01397341940252,0.1759936815416201
146.0,signal_electron,558.0,1.0,-0.08425525817013804,-0.03884650400444437,0.22328503019334112
147.0,signal_electron,558.0,-1.0,0.08425525817013804,0.03884650400444437,0.19080579449764967
148.0,signal_electron,559.0,1.0,0.05830355471980958,0.023371477468876006,0.19896397310242375
149.0,signal_electron,559.0,-1.0,-0.05830355471980958,-0.023371477468876006,0.21231248044429246
150.0,signal_electron,565.0,1.0,-0.00020305112929480765,-0.00016007210658642055,0.19965451531812595
151.0,signal_electron,565.0,-1.0,0.00020305112929480765,0.00016007210658642055,0.2435939259786981
152.0,signal_electron,569.0,1.0,0.04403770211907342,0.013823248069450133,0.22443041797037983
153.0,signal_electron,569.0,-1.0,-0.04403770211907342,-0.013823248069450133,0.2112192507165267
154.0,signal_electron,570.0,1.0,0.17229872921599865,0.043957218293058625,0.07985800546906105
155.0,signal_electron,570.0,-1.0,-0.17229872921599865,-0.043957218293058625,0.09316023750750635
156.0,signal_electron,574.0,1.0,0.03539154994093681,0.01729411227527471,0.2025201476318667
157.0,signal_electron,574.0,-1.0,-0.03539154994093681,-0.01729411227527471,0.23728012431430653
158.0,signal_electron,577.0,1.0,-0.04668715540184152,-0.017500055558317323,0.17555195749281982
159.0,signal_electron,577.0,-1.0,0.04668715540184152,0.017500055558317323,0.18261431722836804
160.0,signal_electron,582.0,1.0,-0.10831988815083843,-0.029784157284386766,0.20257175931614566
161.0,signal_electron,582.0,-1.0,0.10831988815083843,0.029784157284386766,0.261267251821101
162.0,signal_electron,583.0,1.0,-0.10765350580645953,-0.028783078933556486,0.25942425782946393
163.0,signal_electron,583.0,-1.0,0.10765350580645953,0.028783078933556486,0.17798416601004652
164.0,signal_electron,586.0,1.0,-0.07555070711889583,-0.020330515050915352,0.21635900725791324
165.0,signal_electron,586.0,-1.0,0.07555070711889583,0.020330515050915352,0.23709931576726728
166.0,signal_electron,587.0,1.0,-0.10561526610531832,-0.02903565883826517,0.15418114899535232
167.0,signal_electron,587.0,-1.0,0.10561526610531832,0.02903565883826517,0.13547773785846984
168.0,signal_electron,588.0,1.0,-0.06164134928384109,-0.020897895755900453,0.20504366313478267
169.0,signal_electron,588.0,-1.0,0.06164134928384109,0.020897895755900453,0.1621925602534211
170.0,signal_electron,591.0,1.0,0.058854084501657064,0.012822615585521297,0.20458159115420546
171.0,signal_electron,591.0,-1.0,-0.058854084501657064,-0.012822615585521297,0.2194952100338953
172.0,signal_electron,598.0,1.0,-0.00897810831054545,-0.013699909611503414,0.2095628095546345
173.0,signal_electron,598.0,-1.0,0.00897810831054545,0.013699909611503414,0.19608265817618714
174.0,signal_electron,603.0,1.0,-0.054993106498084546,-0.029046134356822188,0.1685977990401386
175.0,signal_electron,603.0,-1.0,0.054993106498084546,0.029046134356822188,0.2277370783447086
176.0,signal_electron,605.0,1.0,-0.011207761665727853,-0.003310700927166965,0.22944201785649948
177.0,signal_electron,605.0,-1.0,0.011207761665727853,0.003310700927166965,0.20454863305622728
178.0,signal_electron,607.0,1.0,-0.022606283641401374,-0.007941375431998425,0.24923173550545055
179.0,signal_electron,607.0,-1.0,0.022606283641401374,0.007941375431998425,0.17714875351771828
180.0,signal_electron,609.0,1.0,-0.08323223157477097,-0.021770803742502218,0.10309375487827857
181.0,signal_electron,609.0,-1.0,0.08323223157477097,0.021770803742502218,0.14221825195936172
182.0,signal_electron,611.0,1.0,0.02755030565540978,0.0073201579273989,0.2110703093457816
183.0,signal_electron,611.0,-1.0,-0.02755030565540978,-0.0073201579273989,0.20436712862110298
184.0,signal_electron,620.0,1.0,0.09919434448902376,0.025142977307445066,0.1893901566781111
185.0,signal_electron,620.0,-1.0,-0.09919434448902376,-0.025142977307445066,0.1754189701740342
186.0,signal_electron,642.0,1.0,0.17983672800163558,0.03983365991864979,0.12106345613889986
187.0,signal_electron,642.0,-1.0,-0.17983672800163558,-0.03983365991864979,0.11170366299622639
188.0,signal_electron,645.0,1.0,-0.022087749064600946,-0.005542298133140117,0.2633141878581128
189.0,signal_electron,645.0,-1.0,0.022087749064600946,0.005542298133140117,0.19162392180399662
190.0,signal_electron,647.0,1.0,0.07892334555484677,0.02092019184166787,0.2512888437915885
191.0,signal_electron,647.0,-1.0,-0.07892334555484677,-0.02092019184166787,0.2155507033791042
192.0,signal_electron,649.0,1.0,-0.05186898617350393,-0.0274982664031378,0.2015676160816048
193.0,signal_electron,649.0,-1.0,0.05186898617350393,0.0274982664031378,0.18957974511106807
194.0,signal_electron,664.0,1.0,0.010453798867966357,0.010954495206969972,0.22423938848977454
195.0,signal_electron,664.0,-1.0,-0.010453798867966357,-0.010954495206969972,0.1432057249245887
196.0,signal_electron,667.0,1.0,0.06458691740020377,0.026404873290691164,0.11894756794358248
197.0,signal_electron,667.0,-1.0,-0.06458691740020377,-0.026404873290691164,0.08492369307588953
198.0,signal_electron,673.0,1.0,0.10411447308922303,0.02549029092163492,0.19422912183293603
199.0,signal_electron,673.0,-1.0,-0.10411447308922303,-0.02549029092163492,0.1855307418984115
200.0,signal_electron,679.0,1.0,0.0034959322478464914,0.0009935301523795119,0.19064162354660966
201.0,signal_electron,679.0,-1.0,-0.0034959322478464914,-0.0009935301523795119,0.2366457579367204
202.0,signal_electron,687.0,1.0,-0.019488931191024142,-0.018333350285570937,0.13077551629279852
203.0,signal_electron,687.0,-1.0,0.019488931191024142,0.018333350285570937,0.11118951054068124
204.0,signal_electron,688.0,1.0,-0.09375805921069932,-0.020499737797300497,0.13482361020897055
205.0,signal_electron,688.0,-1.0,0.09375805921069932,0.020499737797300497,0.1812448001405695
206.0,signal_electron,696.0,1.0,-0.03823148750223426,-0.00915726725661211,0.16605216554539878
207.0,signal_electron,696.0,-1.0,0.03823148750223426,0.00915726725661211,0.18872961257621956
208.0,signal_electron,705.0,1.0,-0.015896509667071054,-0.0060037041944320975,0.16807394435401005
209.0,signal_electron,705.0,-1.0,0.015896509667071054,0.0060037041944320975,0.23262189368405087
210.0,signal_electron,716.0,1.0,0.024905377243269508,0.005792297907229935,0.2653797333729673
211.0,signal_electron,716.0,-1.0,-0.024905377243269508,-0.005792297907229935,0.22388489897816866
212.0,signal_electron,722.0,1.0,-0.1470904625791261,-0.032702973028301566,0.21598448816479304
213.0,signal_electron,722.0,-1.0,0.1470904625791261,0.032702973028301566,0.133185133591084
214.0,signal_electron,729.0,1.0,-0.05995835447490226,-0.02230237822649905,0.13679781734118376
215.0,signal_electron,729.0,-1.0,0.05995835447490226,0.02230237822649905,0.17212886605136296
216.0,signal_electron,730.0,1.0,-0.016353450163768074,-0.0057872376863472704,0.15298844494429362
217.0,signal_electron,730.0,-1.0,0.016353450163768074,0.0057872376863472704,0.19192353209417526
218.0,signal_electron,746.0,1.0,0.015421092969879159,0.006746730923993458,0.20509909229673084
219.0,signal_electron,746.0,-1.0,-0.015421092969879159,-0.006746730923993458,0.2008978022922704
220.0,signal_electron,747.0,1.0,0.003970777741114085,0.0018751549844779622,0.21107877341231315
221.0,signal_electron,747.0,-1.0,-0.003970777741114085,-0.0018751549844779622,0.2685044542646072
222.0,signal_electron,759.0,1.0,-0.07415145685124025,-0.019626020926453474,0.18846874903390193
223.0,signal_electron,759.0,-1.0,0.07415145685124025,0.019626020926453474,0.20356536469291445
224.0,signal_electron,761.0,1.0,-0.02108104307697193,-0.013288906350884507,0.23508717661481376
225.0,signal_electron,761.0,-1.0,0.02108104307697193,0.013288906350884507,0.22588470905426017
226.0,signal_electron,780.0,1.0,0.09149418523611749,0.027495043634050285,0.19760786811069234
227.0,signal_electron,780.0,-1.0,-0.09149418523611749,-0.027495043634050285,0.22041946756920638
228.0,signal_electron,815.0,1.0,-0.006213028476351296,-0.0017570366240327237,0.2583299428424362
229.0,signal_electron,815.0,-1.0,0.006213028476351296,0.0017570366240327237,0.17306412925133557
230.0,signal_electron,820.0,1.0,0.02808190096862012,0.033189548529572246,0.1880844145892536
231.0,signal_electron,820.0,-1.0,-0.02808190096862012,-0.033189548529572246,0.11896628815549756
232.0,signal_electron,822.0,1.0,0.2630972451464902,0.05757723015809057,0.07053935076268976
233.0,signal_electron,822.0,-1.0,-0.2630972451464902,-0.05757723015809057,0.04731386539995974
234.0,signal_electron,829.0,1.0,0.031067815540078786,0.023539604682516525,0.16615113063547332
235.0,signal_electron,829.0,-1.0,-0.031067815540078786,-0.023539604682516525,0.25038040226751906
236.0,signal_electron,837.0,1.0,0.023300325438035206,0.0152947100237192,0.18081929411266143
237.0,signal_electron,837.0,-1.0,-0.023300325438035206,-0.0152947100237192,0.1710986648308271
238.0,signal_electron,839.0,1.0,0.04896314258389119,0.024898521355841596,0.10468156482742683
239.0,signal_electron,839.0,-1.0,-0.04896314258389119,-0.024898521355841596,0.1307001976990108
240.0,signal_electron,841.0,1.0,-0.0014806405229354984,-0.0006830598516768202,0.10477591226539677
241.0,signal_electron,841.0,-1.0,0.0014806405229354984,0.0006830598516768202,0.07248808651876988
242.0,signal_electron,844.0,1.0,-0.010415935573788155,-0.008227751370162524,0.229556808272123
243.0,signal_electron,844.0,-1.0,0.010415935573788155,0.008227751370162524,0.19961951421063207
244.0,signal_electron,848.0,1.0,-0.06517894716981876,-0.018959072295930447,0.14939292249613817
245.0,signal_electron,848.0,-1.0,0.06517894716981876,0.018959072295930447,0.1370841419327123
246.0,signal_electron,854.0,1.0,-0.08100524853825254,-0.019838250744581686,0.21767355289286366
247.0,signal_electron,854.0,-1.0,0.08100524853825254,0.019838250744581686,0.22233418158046703
248.0,signal_electron,855.0,1.0,0.07033288849822936,0.02398180188877771,0.17629368166935483
249.0,signal_electron,855.0,-1.0,-0.07033288849822936,-0.02398180188877771,0.20390426223619013
250.0,signal_electron,858.0,1.0,0.029508757137005938,0.00967237973270217,0.24999403118685223
251.0,signal_electron,858.0,-1.0,-0.029508757137005938,-0.00967237973270217,0.16971851394014653
252.0,signal_electron,863.0,1.0,0.003635409893593022,0.0026808595478643063,0.19054794977562758
253.0,signal_electron,863.0,-1.0,-0.003635409893593022,-0.0026808595478643063,0.14418038965645422
254.0,signal_electron,872.0,1.0,0.06602965323237402,0.01729683234863683,0.1866206634690548
255.0,signal_electron,872.0,-1.0,-0.06602965323237402,-0.01729683234863683,0.23314687492697977
256.0,signal_electron,889.0,1.0,-0.09398577587895306,-0.026047055452476348,0.15288256085371374
257.0,signal_electron,889.0,-1.0,0.09398577587895306,0.026047055452476348,0.11797413559603089
258.0,signal_electron,895.0,1.0,0.010208420612268003,0.002271380918315557,0.1516428915594531
259.0,signal_electron,895.0,-1.0,-0.010208420612268003,-0.002271380918315557,0.22999427958694174
260.0,signal_electron,900.0,1.0,-0.08006610571363619,-0.01948597291036481,0.23359067916297024
261.0,signal_electron,900.0,-1.0,0.08006610571363619,0.01948597291036481,0.17400940512472884
262.0,signal_electron,910.0,1.0,-0.045856715518817606,-0.02554879381006251,0.21468545844392167
263.0,signal_electron,910.0,-1.0,0.045856715518817606,0.02554879381006251,0.1807436029456457
264.0,signal_electron,925.0,1.0,-0.01945906255117604,-0.004556928286163994,0.08811229061975588
265.0,signal_electron,925.0,-1.0,0.01945906255117604,0.004556928286163994,0.12391630820317877
266.0,signal_electron,931.0,1.0,-0.09869275810409066,-0.026168019618729946,0.25062342559975714
267.0,signal_electron,931.0,-1.0,0.09869275810409066,0.026168019618729946,0.16863721136134824
268.0,signal_electron,934.0,1.0,0.0578150362561298,0.025922581929368572,0.1441533602361611
269.0,signal_electron,934.0,-1.0,-0.0578150362561298,-0.025922581929368572,0.16722398757535586
270.0,signal_electron,946.0,1.0,0.08483567582317461,0.02015715145202473,0.22894728264779338
271.0,signal_electron,946.0,-1.0,-0.08483567582317461,-0.02015715145202473,0.16064650266317326
272.0,signal_electron,975.0,1.0,0.04782073692937746,0.01871299718660249,0.18956679495899006
273.0,signal_electron,975.0,-1.0,-0.04782073692937746,-0.01871299718660249,0.2247275282659309
274.0,signal_electron,979.0,1.0,-0.008747629370681806,-0.003125977865242471,0.14327417043433724
275.0,signal_electron,979.0,-1.0,0.008747629370681806,0.003125977865242471,0.21180213885114718
276.0,signal_electron,994.0,1.0,0.01191966138964607,0.002591290875584135,0.197268958093114
277.0,signal_electron,994.0,-1.0,-0.01191966138964607,-0.002591290875584135,0.2332756111325321
278.0,signal_electron,1018.0,1.0,-0.043419455900502536,-0.013849339430613556,0.1587327818542988
279.0,signal_electron,1018.0,-1.0,0.043419455900502536,0.013849339430613556,0.18287302482283205
280.0,signal_electron,1022.0,1.0,-0.06799665061937667,-0.018277523719444348,0.18249906481729117
281.0,signal_electron,1022.0,-1.0,0.06799665061937667,0.018277523719444348,0.16568187841446538
282.0,signal_electron,1028.0,1.0,-0.014008626368651375,-0.004095945457234227,0.19675536780781502
283.0,signal_electron,1028.0,-1.0,0.014008626368651375,0.004095945457234227,0.2558996240706382
284.0,signal_electron,1036.0,1.0,-0.07611865239026912,-0.01715611849120338,0.26033035361530155
285.0,signal_electron,1036.0,-1.0,0.07611865239026912,0.01715611849120338,0.16112956306377035
286.0,signal_electron,1047.0,1.0,-0.09256759788418908,-0.020159816130395188,0.22231246125310145
287.0,signal_electron,1047.0,-1.0,0.09256759788418908,0.020159816130395188,0.23648142223235638
288.0,signal_electron,1049.0,1.0,-0.01220327699748073,-0.004929230177369777,0.1579994812698811
289.0,signal_electron,1049.0,-1.0,0.01220327699748073,0.004929230177369777,0.2171153749545243
290.0,signal_electron,1056.0,1.0,-0.13626500638899441,-0.03766667877122028,0.09161755828043852
291.0,signal_electron,1056.0,-1.0,0.13626500638899441,0.03766667877122028,0.06275209150964951
292.0,signal_electron,1058.0,1.0,-0.01984458306226672,-0.011189867702492168,0.12842612201545328
293.0,signal_electron,1058.0,-1.0,0.01984458306226672,0.011189867702492168,0.18810436456145296
294.0,signal_electron,1059.0,1.0,0.0314644063746489,0.020085255366863307,0.1442925151345068
295.0,signal_electron,1059.0,-1.0,-0.0314644063746489,-0.020085255366863307,0.16008430634267118
296.0,signal_electron,1069.0,1.0,0.026123184409970714,0.016723502933284593,0.17819517829192993
297.0,signal_electron,1069.0,-1.0,-0.026123184409970714,-0.016723502933284593,0.23315848856990445
298.0,signal_electron,1070.0,1.0,-0.006221344576334743,-0.0037948481533419992,0.17620009333767858
299.0,signal_electron,1070.0,-1.0,0.006221344576334743,0.0037948481533419992,0.13939232485698752
300.0,signal_electron,1072.0,1.0,-0.014517759956794461,-0.017386406691516167,0.17480541450904785
301.0,signal_electron,1072.0,-1.0,0.014517759956794461,0.017386406691516167,0.19709681467977952
302.0,signal_electron,1073.0,1.0,0.0937586977466033,0.022286393347471962,0.1598650218141448
303.0,signal_electron,1073.0,-1.0,-0.0937586977466033,-0.022286393347471962,0.171025936396032
304.0,signal_electron,1078.0,1.0,0.026918479564216002,0.00587217696893867,0.1805189919839968
305.0,signal_electron,1078.0,-1.0,-0.026918479564216002,-0.00587217696893867,0.13752452701218026
306.0,signal_electron,1090.0,1.0,0.03799769168213421,0.0320203029585694,0.1281089843890602
307.0,signal_electron,1090.0,-1.0,-0.03799769168213421,-0.0320203029585694,0.15758687290215515
308.0,signal_electron,1095.0,1.0,0.15574154794982298,0.04260919211086236,0.1463874512164836
309.0,signal_electron,1095.0,-1.0,-0.15574154794982298,-0.04260919211086236,0.09617123520468618
310.0,signal_electron,1109.0,1.0,0.1305288421699888,0.034463440145822526,0.1445689906193766
311.0,signal_electron,1109.0,-1.0,-0.1305288421699888,-0.034463440145822526,0.188341148904446
312.0,signal_electron,1113.0,1.0,0.07439494951253292,0.0213853624241306,0.2455520158628993
313.0,signal_electron,1113.0,-1.0,-0.07439494951253292,-0.0213853624241306,0.23273601166678606
314.0,signal_electron,1114.0,1.0,-0.0046115743903170385,-0.0016834611011404973,0.23753184620750964
315.0,signal_electron,1114.0,-1.0,0.0046115743903170385,0.0016834611011404973,0.20347839151751929
316.0,signal_electron,1123.0,1.0,-0.058195197116041,-0.02080895727965763,0.15272091694746381
317.0,signal_electron,1123.0,-1.0,0.058195197116041,0.02080895727965763,0.14228096493729045
318.0,signal_electron,1136.0,1.0,0.028906164166332675,0.006550697724125683,0.17536320700167124
319.0,signal_electron,1136.0,-1.0,-0.028906164166332675,-0.006550697724125683,0.265178194444045
320.0,signal_electron,1152.0,1.0,-0.05868966489040311,-0.016835954811599,0.18607420152249549
321.0,signal_electron,1152.0,-1.0,0.05868966489040311,0.016835954811599,0.18432010321343742
322.0,signal_electron,1162.0,1.0,0.10028695188861891,0.02814879388720183,0.14129965219775323
323.0,signal_electron,1162.0,-1.0,-0.10028695188861891,-0.02814879388720183,0.14408756306537532
324.0,signal_electron,1170.0,1.0,-0.05459237765966125,-0.02436089329359184,0.25333433212428536
325.0,signal_electron,1170.0,-1.0,0.05459237765966125,0.02436089329359184,0.1602868364720104
326.0,signal_electron,1175.0,1.0,-0.02583084177589929,-0.010486278979809676,0.15789918290806224
327.0,signal_electron,1175.0,-1.0,0.02583084177589929,0.010486278979809676,0.17575917163731283
328.0,signal_electron,1177.0,1.0,0.2218875092132884,0.049324651188665664,0.11237802297783753
329.0,signal_electron,1177.0,-1.0,-0.2218875092132884,-0.049324651188665664,0.10620880247433069
330.0,signal_electron,1179.0,1.0,0.017577346865059632,0.005910578661712266,0.19311743517054425
331.0,signal_electron,1179.0,-1.0,-0.017577346865059632,-0.005910578661712266,0.24529191128052147
332.0,signal_electron,1189.0,1.0,0.07587853669068785,0.019842150760101616,0.20636945014709362
333.0,signal_electron,1189.0,-1.0,-0.07587853669068785,-0.019842150760101616,0.241128651991026
334.0,signal_electron,1192.0,1.0,0.037526605208608406,0.02186984256523653,0.21276694089332762
335.0,signal_electron,1192.0,-1.0,-0.037526605208608406,-0.02186984256523653,0.1411137866977674
336.0,signal_electron,1194.0,1.0,-0.2034508256823602,-0.07292408564418364,0.07353818073968266
337.0,signal_electron,1194.0,-1.0,0.2034508256823602,0.07292408564418364,0.09856711390328686
338.0,signal_electron,1200.0,1.0,-0.07236621401423327,-0.04318480818925673,0.12456783668118339
339.0,signal_electron,1200.0,-1.0,0.07236621401423327,0.04318480818925673,0.12021596435456268
340.0,signal_electron,1237.0,1.0,0.14768605454842135,0.03315579766426896,0.19389791407000675
341.0,signal_electron,1237.0,-1.0,-0.14768605454842135,-0.03315579766426896,0.15087628559814284
342.0,signal_electron,1238.0,1.0,0.021073867738417372,0.0247610210986581,0.1574438660851388
343.0,signal_electron,1238.0,-1.0,-0.021073867738417372,-0.0247610210986581,0.20892430574914247
344.0,signal_electron,1251.0,1.0,-0.07032265874280291,-0.016460760842221582,0.22704672521385114
345.0,signal_electron,1251.0,-1.0,0.07032265874280291,0.016460760842221582,0.23766653554460476
346.0,signal_electron,1266.0,1.0,-0.017435156095308667,-0.007204152459302057,0.24902482534728437
347.0,signal_electron,1266.0,-1.0,0.017435156095308667,0.007204152459302057,0.22763304207078022
348.0,signal_electron,1273.0,1.0,0.05360725232680873,0.016996121506895747,0.2385625521130365
349.0,signal_electron,1273.0,-1.0,-0.05360725232680873,-0.016996121506895747,0.18898035456153087
350.0,signal_electron,1280.0,1.0,0.16809396722544662,0.043517909644688456,0.0880484121981579
351.0,signal_electron,1280.0,-1.0,-0.16809396722544662,-0.043517909644688456,0.0973707127975204
352.0,signal_electron,1282.0,1.0,0.03709878456183104,0.0163026672244816,0.17928864823809026
353.0,signal_electron,1282.0,-1.0,-0.03709878456183104,-0.0163026672244816,0.2263180442322724
354.0,signal_electron,1288.0,1.0,0.0611387160866494,0.030450528329719805,0.13761876953719215
355.0,signal_electron,1288.0,-1.0,-0.0611387160866494,-0.030450528329719805,0.16211873589625445
356.0,signal_electron,1298.0,1.0,-0.11193443526975383,-0.04886086537026429,0.10140165088872592
357.0,signal_electron,1298.0,-1.0,0.11193443526975383,0.04886086537026429,0.143293842189897
358.0,signal_electron,1305.0,1.0,0.051354631141522215,0.019077577877141316,0.22290061577722844
359.0,signal_electron,1305.0,-1.0,-0.051354631141522215,-0.019077577877141316,0.13964014142989478
360.0,signal_electron,1308.0,1.0,0.028561860046333726,0.021318717686998556,0.16611184654101407
361.0,signal_electron,1308.0,-1.0,-0.028561860046333726,-0.021318717686998556,0.12017153389023892
362.0,signal_electron,1329.0,1.0,0.035812887600171456,0.02336233399811562,0.12827961907856975
363.0,signal_electron,1329.0,-1.0,-0.035812887600171456,-0.02336233399811562,0.18274982075172103
364.0,signal_electron,1340.0,1.0,-0.09358731459504575,-0.037421184264152314,0.12582517446877978
365.0,signal_electron,1340.0,-1.0,0.09358731459504575,0.037421184264152314,0.10267855744889666
366.0,signal_electron,1346.0,1.0,-0.06359289493260539,-0.013866324220176357,0.1843893666366319
367.0,signal_electron,1346.0,-1.0,0.06359289493260539,0.013866324220176357,0.21386835945454696
368.0,signal_electron,1347.0,1.0,0.025363152153392153,0.013476361178808323,0.1583880378199657
369.0,signal_electron,1347.0,-1.0,-0.025363152153392153,-0.013476361178808323,0.15405208721977767
370.0,signal_electron,1356.0,1.0,-0.05509225975163764,-0.013096391475826709,0.1166712619909372
371.0,signal_electron,1356.0,-1.0,0.05509225975163764,0.013096391475826709,0.1660239997211353
372.0,signal_electron,1357.0,1.0,-0.049025563430005914,-0.011943322324488453,0.10590025199251757
373.0,signal_electron,1357.0,-1.0,0.049025563430005914,0.011943322324488453,0.14780435549673418
374.0,signal_electron,1382.0,1.0,0.06353113315169161,0.01987827049099157,0.22163203570518242
375.0,signal_electron,1382.0,-1.0,-0.06353113315169161,-0.01987827049099157,0.2276780737167558
376.0,signal_electron,1383.0,1.0,-0.03967415859327666,-0.010287333613797833,0.25124454594820017
377.0,signal_electron,1383.0,-1.0,0.03967415859327666,0.010287333613797833,0.20962203336537913
378.0,signal_electron,1392.0,1.0,0.09429604285128237,0.02088005994922288,0.18462597033657163
379.0,signal_electron,1392.0,-1.0,-0.09429604285128237,-0.02088005994922288,0.17660674641200316
380.0,signal_electron,1398.0,1.0,-0.03579361566854693,-0.009500730624454504,0.2172236883469819
381.0,signal_electron,1398.0,-1.0,0.03579361566854693,0.009500730624454504,0.1944403270390046
382.0,signal_electron,1406.0,1.0,0.042969431267262506,0.024900983910724577,0.15805463933444774
383.0,signal_electron,1406.0,-1.0,-0.042969431267262506,-0.024900983910724577,0.1464737046694169
384.0,signal_electron,1417.0,1.0,0.10972875422778644,0.028318600994799596,0.19976788028084405
385.0,signal_electron,1417.0,-1.0,-0.10972875422778644,-0.028318600994799596,0.2760279357290036
386.0,signal_electron,1434.0,1.0,-0.08013152942821622,-0.020506672850437207,0.22163183030842035
387.0,signal_electron,1434.0,-1.0,0.08013152942821622,0.020506672850437207,0.20551274769307526
388.0,signal_electron,1437.0,1.0,-0.03218856272397906,-0.02001610837081408,0.21736147799536676
389.0,signal_electron,1437.0,-1.0,0.03218856272397906,0.02001610837081408,0.16046645472037852
390.0,signal_electron,1448.0,1.0,0.029434830090285212,0.015745400466384552,0.16687048329918525
391.0,signal_electron,1448.0,-1.0,-0.029434830090285212,-0.015745400466384552,0.2502464278081159
392.0,signal_electron,1450.0,1.0,0.028645988646126785,0.01289004240378217,0.1628746499906817
393.0,signal_electron,1450.0,-1.0,-0.028645988646126785,-0.01289004240378217,0.15102207478482085
394.0,signal_electron,1451.0,1.0,0.05826963228136799,0.013947832589201372,0.19629819538384216
395.0,signal_electron,1451.0,-1.0,-0.05826963228136799,-0.013947832589201372,0.23651434891937773
396.0,signal_electron,1459.0,1.0,-0.08123146669021042,-0.022003239978081113,0.19582562599472164
397.0,signal_electron,1459.0,-1.0,0.08123146669021042,0.022003239978081113,0.26693589576911336
398.0,signal_electron,1469.0,1.0,-0.06916103337777262,-0.018388074077389654,0.17839984077835339
399.0,signal_electron,1469.0,-1.0,0.06916103337777262,0.018388074077389654,0.18115982823149349
400.0,signal_electron,1480.0,1.0,-0.03029362935441727,-0.00662054819352565,0.24014926565927058
401.0,signal_electron,1480.0,-1.0,0.03029362935441727,0.00662054819352565,0.2231551079815072
402.0,signal_electron,1507.0,1.0,0.08333143010087556,0.023555326780602088,0.17969684251265997
403.0,signal_electron,1507.0,-1.0,-0.08333143010087556,-0.023555326780602088,0.24639150993321327
404.0,signal_electron,1509.0,1.0,0.011669371513598576,0.00548893119840076,0.23515061780729932
405.0,signal_electron,1509.0,-1.0,-0.011669371513598576,-0.00548893119840076,0.22220048741847168
406.0,signal_electron,1511.0,1.0,-0.013598164945142729,-0.00569486986904274,0.22632466289439965
407.0,signal_electron,1511.0,-1.0,0.013598164945142729,0.00569486986904274,0.18470922141853371
408.0,signal_electron,1516.0,1.0,0.03490496613560722,0.0076288598663587885,0.13433360424279134
409.0,signal_electron,1516.0,-1.0,-0.03490496613560722,-0.0076288598663587885,0.13854351172802443
410.0,signal_electron,1520.0,1.0,0.06517519083329303,0.027816176114913223,0.1655088689032241
411.0,signal_electron,1520.0,-1.0,-0.06517519083329303,-0.027816176114913223,0.16328976212455146
412.0,signal_electron,1521.0,1.0,0.08586150459093793,0.024176226739779445,0.24642648072041404
413.0,signal_electron,1521.0,-1.0,-0.08586150459093793,-0.024176226739779445,0.17657240456550924
414.0,signal_electron,1544.0,1.0,0.0033304054128596846,0.001133183862910693,0.1808702850041783
415.0,signal_electron,1544.0,-1.0,-0.0033304054128596846,-0.001133183862910693,0.15349824582577679
416.0,signal_electron,1548.0,1.0,-0.06848667113759097,-0.015423976196869124,0.16880050485785447
417.0,signal_electron,1548.0,-1.0,0.06848667113759097,0.015423976196869124,0.20091894404639848
418.0,signal_electron,1550.0,1.0,0.060320379169274206,0.02098895618993477,0.19953290289505052
419.0,signal_electron,1550.0,-1.0,-0.060320379169274206,-0.02098895618993477,0.19993151531856715
420.0,signal_electron,1558.0,1.0,-0.020145151580541528,-0.005049040871855837,0.23199858362520218
421.0,signal_electron,1558.0,-1.0,0.020145151580541528,0.005049040871855837,0.17530246150584283
422.0,signal_electron,1583.0,1.0,-0.054090734110836744,-0.016005236019890835,0.18044063557013143
423.0,signal_electron,1583.0,-1.0,0.054090734110836744,0.016005236019890835,0.2342972533776423
424.0,signal_electron,1584.0,1.0,0.011021617131699319,0.014971894845405153,0.1841888937009824
425.0,signal_electron,1584.0,-1.0,-0.011021617131699319,-0.014971894845405153,0.21873812740713316
426.0,signal_electron,1595.0,1.0,0.014994614265253309,0.024650308504443982,0.15375523406384115
427.0,signal_electron,1595.0,-1.0,-0.014994614265253309,-0.024650308504443982,0.14761551528094047
428.0,signal_electron,1596.0,1.0,0.06425048147181221,0.02692316981137176,0.1891522552692821
429.0,signal_electron,1596.0,-1.0,-0.06425048147181221,-0.02692316981137176,0.1259183012535588
430.0,signal_electron,1612.0,1.0,0.02833755096108455,0.007263680066519838,0.24833035446914276
431.0,signal_electron,1612.0,-1.0,-0.02833755096108455,-0.007263680066519838,0.1816232617328322
432.0,signal_electron,1613.0,1.0,0.04612239612674384,0.014554435410354859,0.27960864292668974
433.0,signal_electron,1613.0,-1.0,-0.04612239612674384,-0.014554435410354859,0.19371100327594348
434.0,signal_electron,1638.0,1.0,-0.013626284862746174,-0.010209462366039139,0.17043798904892213
435.0,signal_electron,1638.0,-1.0,0.013626284862746174,0.010209462366039139,0.16385307140828026
436.0,signal_electron,1639.0,1.0,-0.08233326899581705,-0.019869846447686225,0.21020523045348985
437.0,signal_electron,1639.0,-1.0,0.08233326899581705,0.019869846447686225,0.2726388788300819
438.0,signal_electron,1640.0,1.0,-0.1483282843611577,-0.03556259029116879,0.1000991029812277
439.0,signal_electron,1640.0,-1.0,0.1483282843611577,0.03556259029116879,0.11499220115288727
440.0,signal_electron,1643.0,1.0,-0.11872151289998197,-0.02649107716134185,0.14965577736816488
441.0,signal_electron,1643.0,-1.0,0.11872151289998197,0.02649107716134185,0.13148426716021266
442.0,signal_electron,1646.0,1.0,0.09265731526182652,0.024781640623522727,0.18147668242737183
443.0,signal_electron,1646.0,-1.0,-0.09265731526182652,-0.024781640623522727,0.19574292137475685
444.0,signal_electron,1651.0,1.0,-0.17976629716439407,-0.044260966250354944,0.12406930813956392
445.0,signal_electron,1651.0,-1.0,0.17976629716439407,0.044260966250354944,0.12940805325509977
446.0,signal_electron,1657.0,1.0,-0.0485721810586174,-0.01733708305397189,0.1907131616341494
447.0,signal_electron,1657.0,-1.0,0.0485721810586174,0.01733708305397189,0.189430716575834
448.0,signal_electron,1669.0,1.0,0.22018192203996964,0.05866563208202744,0.07339379782810374
449.0,signal_electron,1669.0,-1.0,-0.22018192203996964,-0.05866563208202744,0.10199698051441082
450.0,signal_electron,1697.0,1.0,0.16796559682078455,0.038610235670573624,0.17538190461317218
451.0,signal_electron,1697.0,-1.0,-0.16796559682078455,-0.038610235670573624,0.16684272615699447
452.0,signal_electron,1711.0,1.0,-0.007322071103161625,-0.0036270682301388474,0.1894590641860634
453.0,signal_electron,1711.0,-1.0,0.007322071103161625,0.0036270682301388474,0.22452509612823274
454.0,signal_electron,1718.0,1.0,0.04358514052220414,0.02532372668417237,0.23192612654363506
455.0,signal_electron,1718.0,-1.0,-0.04358514052220414,-0.02532372668417237,0.22227057077414075
456.0,signal_electron,1721.0,1.0,0.06366786107137043,0.04313050452924871,0.07106567639656568
457.0,signal_electron,1721.0,-1.0,-0.06366786107137043,-0.04313050452924871,0.07816886371699486
458.0,signal_electron,1736.0,1.0,0.07300072330644537,0.01788282914027299,0.13690341437397444
459.0,signal_electron,1736.0,-1.0,-0.07300072330644537,-0.01788282914027299,0.10932437190671059
460.0,signal_electron,1739.0,1.0,0.09067792785090474,0.022804912831373852,0.08305779203363285
461.0,signal_electron,1739.0,-1.0,-0.09067792785090474,-0.022804912831373852,0.08645653266716785
462.0,signal_electron,1740.0,1.0,-0.13455845785497791,-0.02945053787648344,0.0949585514672131
463.0,signal_electron,1740.0,-1.0,0.13455845785497791,0.02945053787648344,0.07211842998162754
464.0,signal_electron,1742.0,1.0,-0.027386075796529248,-0.0073190512616550085,0.23741451484571566
465.0,signal_electron,1742.0,-1.0,0.027386075796529248,0.0073190512616550085,0.1472972193757307
466.0,signal_electron,1744.0,1.0,-0.02356702543318279,-0.005190954391981799,0.25359793690684584
467.0,signal_electron,1744.0,-1.0,0.02356702543318279,0.005190954391981799,0.20569725737097702
468.0,signal_electron,1745.0,1.0,-0.16009325670315866,-0.037817540147638246,0.1719459873045098
469.0,signal_electron,1745.0,-1.0,0.16009325670315866,0.037817540147638246,0.15530160348585087
470.0,signal_electron,1753.0,1.0,-0.07747395090463076,-0.0234301782039678,0.1984517481222241
471.0,signal_electron,1753.0,-1.0,0.07747395090463076,0.0234301782039678,0.13957919282027945
472.0,signal_electron,1762.0,1.0,0.004931039730452033,0.0032966784610198273,0.20890258924440291
473.0,signal_electron,1762.0,-1.0,-0.004931039730452033,-0.0032966784610198273,0.23005039166439364
474.0,signal_electron,1770.0,1.0,-0.08250699272619497,-0.02093077256449636,0.15249604090017957
475.0,signal_electron,1770.0,-1.0,0.08250699272619497,0.02093077256449636,0.16631875990419515
476.0,signal_electron,1771.0,1.0,0.04001944927620694,0.017427285949363883,0.2292986973872347
477.0,signal_electron,1771.0,-1.0,-0.04001944927620694,-0.017427285949363883,0.20433746332089628
478.0,signal_electron,1774.0,1.0,-0.04116841743236765,-0.01916502030829172,0.168954242485573
479.0,signal_electron,1774.0,-1.0,0.04116841743236765,0.01916502030829172,0.23741040505512415
480.0,signal_electron,1781.0,1.0,-0.11889912410338745,-0.030472699796310034,0.25012846008213035
481.0,signal_electron,1781.0,-1.0,0.11889912410338745,0.030472699796310034,0.1655053833933488
482.0,signal_electron,1794.0,1.0,-0.04819633476518086,-0.031521897303915705,0.0838072591786415
483.0,signal_electron,1794.0,-1.0,0.04819633476518086,0.031521897303915705,0.12345160103683353
484.0,signal_electron,1796.0,1.0,0.05157338693042254,0.012726103802661029,0.19997548536001522
485.0,signal_electron,1796.0,-1.0,-0.05157338693042254,-0.012726103802661029,0.19328019598363141
486.0,signal_electron,1798.0,1.0,0.12665023986779014,0.034443274477498516,0.11081320777036176
487.0,signal_electron,1798.0,-1.0,-0.12665023986779014,-0.034443274477498516,0.18027858603994315
488.0,signal_electron,1800.0,1.0,-0.05689534983609214,-0.01766304433896468,0.20245059164586493
489.0,signal_electron,1800.0,-1.0,0.05689534983609214,0.01766304433896468,0.25432480261955454
490.0,signal_electron,1810.0,1.0,0.023757623352365743,0.007710128945146269,0.2335683846928077
491.0,signal_electron,1810.0,-1.0,-0.023757623352365743,-0.007710128945146269,0.15053625267676501
492.0,signal_electron,1815.0,1.0,0.06806688573588315,0.016199968475237064,0.25969618208388784
493.0,signal_electron,1815.0,-1.0,-0.06806688573588315,-0.016199968475237064,0.1609801248275044
494.0,signal_electron,1824.0,1.0,-0.018278018455570432,-0.00693507304286521,0.1233138688360695
495.0,signal_electron,1824.0,-1.0,0.018278018455570432,0.00693507304286521,0.113977723401789
496.0,signal_electron,1829.0,1.0,-0.11217456318477034,-0.02607083740841968,0.2145536919256062
497.0,signal_electron,1829.0,-1.0,0.11217456318477034,0.02607083740841968,0.24852054751178768
498.0,signal_electron,1831.0,1.0,0.10172419158268782,0.03943733108865271,0.11791847688706834
499.0,signal_electron,1831.0,-1.0,-0.10172419158268782,-0.03943733108865271,0.08530468057088732
500.0,signal_electron,1837.0,1.0,-0.03029959711236013,-0.008223955041558038,0.1390719684363431
501.0,signal_electron,1837.0,-1.0,0.03029959711236013,0.008223955041558038,0.20769612837084683
502.0,signal_electron,1857.0,1.0,0.02392912970946237,0.0055141165974628235,0.18098974156094813
503.0,signal_electron,1857.0,-1.0,-0.02392912970946237,-0.0055141165974628235,0.16568691394381388
504.0,signal_electron,1859.0,1.0,-0.04048322427183233,-0.029032898567908978,0.15128413190083448
505.0,signal_electron,1859.0,-1.0,0.04048322427183233,0.029032898567908978,0.22402077782974367
506.0,signal_electron,1876.0,1.0,-0.03847159412331705,-0.010052543369285509,0.1955380715500752
507.0,signal_electron,1876.0,-1.0,0.03847159412331705,0.010052543369285509,0.2620525264413306
508.0,signal_electron,1898.0,1.0,0.071243637498964,0.025911469941247746,0.18747464429349753
509.0,signal_electron,1898.0,-1.0,-0.071243637498964,-0.025911469941247746,0.20746113272877298
510.0,signal_electron,1899.0,1.0,0.07898715387009277,0.024123059546891548,0.19456711599492013
511.0,signal_electron,1899.0,-1.0,-0.07898715387009277,-0.024123059546891548,0.21150535855896307
512.0,signal_electron,1906.0,1.0,-0.034764484431956656,-0.008110882343605236,0.17990713748479986
513.0,signal_electron,1906.0,-1.0,0.034764484431956656,0.008110882343605236,0.14105829226286334
514.0,signal_electron,1907.0,1.0,-0.08462224524555696,-0.023019105551986954,0.0970535491582391
515.0,signal_electron,1907.0,-1.0,0.08462224524555696,0.023019105551986954,0.1399377973294587
516.0,signal_electron,1911.0,1.0,-0.03487108196441192,-0.015828660183623198,0.15841154780472447
517.0,signal_electron,1911.0,-1.0,0.03487108196441192,0.015828660183623198,0.11582668092092599
518.0,signal_electron,1917.0,1.0,0.03787066805253762,0.013630070787779548,0.20706185665763485
519.0,signal_electron,1917.0,-1.0,-0.03787066805253762,-0.013630070787779548,0.23946025481610617
520.0,signal_electron,1926.0,1.0,0.005050197443602806,0.002120609735858462,0.19147325489533398
521.0,signal_electron,1926.0,-1.0,-0.005050197443602806,-0.002120609735858462,0.22794011453155955
522.0,signal_electron,1932.0,1.0,-0.08351485529528319,-0.035002458691992915,0.17850539414504138
523.0,signal_electron,1932.0,-1.0,0.08351485529528319,0.035002458691992915,0.13082699607840967
524.0,signal_electron,1950.0,1.0,-0.0325391362839717,-0.014466581724424391,0.21671983032040645
525.0,signal_electron,1950.0,-1.0,0.0325391362839717,0.014466581724424391,0.23400356688370855
526.0,signal_electron,1952.0,1.0,-0.11359145793946444,-0.026086660190412204,0.20683799943493864
527.0,signal_electron,1952.0,-1.0,0.11359145793946444,0.026086660190412204,0.20325678564681784
528.0,signal_electron,1958.0,1.0,-0.16571031953640947,-0.03755962793482017,0.10271287051687289
529.0,signal_electron,1958.0,-1.0,0.16571031953640947,0.03755962793482017,0.15965789843900827
530.0,signal_electron,1965.0,1.0,-0.008484564272808425,-0.0030437790165729482,0.14980455086078287
531.0,signal_electron,1965.0,-1.0,0.008484564272808425,0.0030437790165729482,0.1592765362330539
532.0,signal_electron,1977.0,1.0,0.13482012296611232,0.032866545619510676,0.10136919830945307
533.0,signal_electron,1977.0,-1.0,-0.13482012296611232,-0.032866545619510676,0.06707076814774979
534.0,signal_electron,1978.0,1.0,0.11894239779550982,0.027407598547607666,0.1278273312972498
535.0,signal_electron,1978.0,-1.0,-0.11894239779550982,-0.027407598547607666,0.19544769134081516
536.0,signal_electron,1989.0,1.0,0.06712119801176024,0.01759238522704842,0.14257899601788554
537.0,signal_electron,1989.0,-1.0,-0.06712119801176024,-0.01759238522704842,0.17841319357166485
538.0,signal_electron,2003.0,1.0,0.05951892602972176,0.016405282794185783,0.24980173014188758
539.0,signal_electron,2003.0,-1.0,-0.05951892602972176,-0.016405282794185783,0.17089015672754906
540.0,signal_electron,2004.0,1.0,0.008498292968095837,0.005474392209118326,0.18594174927125315
541.0,signal_electron,2004.0,-1.0,-0.008498292968095837,-0.005474392209118326,0.2599380528367747
542.0,signal_electron,2016.0,1.0,-0.0452427133673999,-0.016443618942847148,0.22991886390604868
543.0,signal_electron,2016.0,-1.0,0.0452427133673999,0.016443618942847148,0.20718185455530633
544.0,signal_electron,2019.0,1.0,0.01145924612047172,0.015442994054204835,0.20518815733916115
545.0,signal_electron,2019.0,-1.0,-0.01145924612047172,-0.015442994054204835,0.18091084522415835
546.0,signal_electron,2038.0,1.0,-0.10317427715165677,-0.023990268295516044,0.16055350387961034
547.0,signal_electron,2038.0,-1.0,0.10317427715165677,0.023990268295516044,0.16991558639254198
548.0,signal_electron,2041.0,1.0,-0.027592877651309203,-0.015967920294451293,0.18562090358198155
549.0,signal_electron,2041.0,-1.0,0.027592877651309203,0.015967920294451293,0.10922542281342902
550.0,signal_electron,2052.0,1.0,0.04359320362293638,0.010778544778442431,0.22152115313701
551.0,signal_electron,2052.0,-1.0,-0.04359320362293638,-0.010778544778442431,0.22639558561378503
552.0,signal_electron,2054.0,1.0,0.2172505809517832,0.04875889661967798,0.11034502848172476
553.0,signal_electron,2054.0,-1.0,-0.2172505809517832,-0.04875889661967798,0.116761523863642
554.0,signal_electron,2057.0,1.0,0.07181839817989144,0.016468907441815887,0.20366774941135174
555.0,signal_electron,2057.0,-1.0,-0.07181839817989144,-0.016468907441815887,0.25756310976223146
556.0,signal_electron,2060.0,1.0,-0.08373096179046859,-0.02232052331068098,0.22149937781668627
557.0,signal_electron,2060.0,-1.0,0.08373096179046859,0.02232052331068098,0.15373850922680896
558.0,signal_electron,2063.0,1.0,-0.07407106389350757,-0.01836782424236221,0.19292913292160913
559.0,signal_electron,2063.0,-1.0,0.07407106389350757,0.01836782424236221,0.17227916971221732
560.0,signal_electron,2067.0,1.0,0.01851656556171361,0.0075626103990302125,0.14592804410488291
561.0,signal_electron,2067.0,-1.0,-0.01851656556171361,-0.0075626103990302125,0.12447398622022726
562.0,signal_electron,2088.0,1.0,-0.11343389101658019,-0.025245350062404307,0.15125884006333074
563.0,signal_electron,2088.0,-1.0,0.11343389101658019,0.025245350062404307,0.11840042658659157
564.0,signal_electron,2092.0,1.0,0.008774893718402356,0.01124484235218846,0.22238632727814545
565.0,signal_electron,2092.0,-1.0,-0.008774893718402356,-0.01124484235218846,0.24777265550026628
566.0,signal_electron,2100.0,1.0,0.08822135403590319,0.028625995366322456,0.12376541326489321
567.0,signal_electron,2100.0,-1.0,-0.08822135403590319,-0.028625995366322456,0.14409416080094783
568.0,signal_electron,2121.0,1.0,0.12099488862400874,0.02808888494195402,0.16224890709233186
569.0,signal_electron,2121.0,-1.0,-0.12099488862400874,-0.02808888494195402,0.12696252702702412
570.0,signal_electron,2155.0,1.0,0.06829958054196708,0.016021349291561425,0.2092553063121154
571.0,signal_electron,2155.0,-1.0,-0.06829958054196708,-0.016021349291561425,0.21564031660734886
572.0,signal_electron,2162.0,1.0,0.021392487899012755,0.008881542392144746,0.19784262190341334
573.0,signal_electron,2162.0,-1.0,-0.021392487899012755,-0.008881542392144746,0.24837466462852859
574.0,signal_electron,2169.0,1.0,0.15464188550122457,0.03842872102414801,0.1734305991721004
575.0,signal_electron,2169.0,-1.0,-0.15464188550122457,-0.03842872102414801,0.13033808773318425
576.0,signal_electron,2176.0,1.0,-0.011309788770879447,-0.004145596384243757,0.16373063239973865
577.0,signal_electron,2176.0,-1.0,0.011309788770879447,0.004145596384243757,0.202514695184792
578.0,signal_electron,2180.0,1.0,-0.17287466604830568,-0.05047220439677651,0.1143845123719647
579.0,signal_electron,2180.0,-1.0,0.17287466604830568,0.05047220439677651,0.0959922116791322
580.0,signal_electron,2183.0,1.0,0.0524419427390845,0.020746012580509583,0.17762516745563978
581.0,signal_electron,2183.0,-1.0,-0.0524419427390845,-0.020746012580509583,0.20165011551785478
582.0,signal_electron,2196.0,1.0,-0.013501937123167083,-0.007488901877987901,0.1761945872408589
583.0,signal_electron,2196.0,-1.0,0.013501937123167083,0.007488901877987901,0.1277320365081847
584.0,signal_electron,2208.0,1.0,-0.0233893826732836,-0.023723271805136566,0.19246013439358825
585.0,signal_electron,2208.0,-1.0,0.0233893826732836,0.023723271805136566,0.11926522499990368
586.0,signal_electron,2215.0,1.0,0.021906969450938236,0.01432719880601627,0.19324777945119218
587.0,signal_electron,2215.0,-1.0,-0.021906969450938236,-0.01432719880601627,0.2703091419025605
588.0,signal_electron,2227.0,1.0,-0.06283908690229294,-0.01544474840627772,0.1612147315025911
589.0,signal_electron,2227.0,-1.0,0.06283908690229294,0.01544474840627772,0.14627559262800874
590.0,signal_electron,2239.0,1.0,-0.041166718520133656,-0.015825242230007298,0.22964951273484863
591.0,signal_electron,2239.0,-1.0,0.041166718520133656,0.015825242230007298,0.2638247149628763
592.0,signal_electron,2257.0,1.0,0.02329580637971416,0.012361325449323132,0.1751159088519249
593.0,signal_electron,2257.0,-1.0,-0.02329580637971416,-0.012361325449323132,0.23731080225244705
594.0,signal_electron,2261.0,1.0,-0.011445044266815007,-0.005973932535954554,0.16862404217491495
595.0,signal_electron,2261.0,-1.0,0.011445044266815007,0.005973932535954554,0.16232372582752427
596.0,signal_electron,2264.0,1.0,-0.02463056786833489,-0.018256593531813227,0.2105403445692264
597.0,signal_electron,2264.0,-1.0,0.02463056786833489,0.018256593531813227,0.2677689622737821
598.0,signal_electron,2271.0,1.0,0.09686077102556453,0.02207451794902326,0.2701300846211673
599.0,signal_electron,2271.0,-1.0,-0.09686077102556453,-0.02207451794902326,0.20352900336520738
600.0,signal_electron,2276.0,1.0,-0.04336213477778353,-0.011964984354838755,0.2034707150935862
601.0,signal_electron,2276.0,-1.0,0.04336213477778353,0.011964984354838755,0.2490878658429553
602.0,signal_electron,2280.0,1.0,-0.017726563885361212,-0.006843287257635342,0.15055824167674708
603.0,signal_electron,2280.0,-1.0,0.017726563885361212,0.006843287257635342,0.2055546753408128
604.0,signal_electron,2283.0,1.0,0.08177567787924023,0.04056273170554207,0.11188138448698041
605.0,signal_electron,2283.0,-1.0,-0.08177567787924023,-0.04056273170554207,0.09158306786844288
606.0,signal_electron,2288.0,1.0,-0.08511554235350985,-0.02014636169931751,0.26569985703624904
607.0,signal_electron,2288.0,-1.0,0.08511554235350985,0.02014636169931751,0.1752058208181649
608.0,signal_electron,2296.0,1.0,0.15618311386866207,0.03395475621025812,0.18276310593245373
609.0,signal_electron,2296.0,-1.0,-0.15618311386866207,-0.03395475621025812,0.20817587955684586
610.0,signal_electron,2316.0,1.0,-0.09620622505994596,-0.030148037223227078,0.15702420920891855
611.0,signal_electron,2316.0,-1.0,0.09620622505994596,0.030148037223227078,0.20447451709403944
612.0,signal_electron,2328.0,1.0,-0.06013222361016778,-0.015704673056881138,0.2456590349942565
613.0,signal_electron,2328.0,-1.0,0.06013222361016778,0.015704673056881138,0.18827434732430878
614.0,signal_electron,2333.0,1.0,0.09611337565657889,0.02432051960036569,0.1790075764076107
615.0,signal_electron,2333.0,-1.0,-0.09611337565657889,-0.02432051960036569,0.2128661646180827
616.0,signal_electron,2335.0,1.0,-0.07454803669432167,-0.02356145368088252,0.22696086954897418
617.0,signal_electron,2335.0,-1.0,0.07454803669432167,0.02356145368088252,0.22699487144724856
618.0,signal_electron,2337.0,1.0,-0.08100416926717989,-0.02294857245211016,0.15212621276604443
619.0,signal_electron,2337.0,-1.0,0.08100416926717989,0.02294857245211016,0.1827806005118737
620.0,signal_electron,2339.0,1.0,-0.05621802430483728,-0.016668243591308154,0.20471596953534718
621.0,signal_electron,2339.0,-1.0,0.05621802430483728,0.016668243591308154,0.2752305752958929
622.0,signal_electron,2343.0,1.0,-0.098134880663322,-0.02268005404182954,0.21895897101241446
623.0,signal_electron,2343.0,-1.0,0.098134880663322,0.02268005404182954,0.23582274836024275
624.0,signal_electron,2345.0,1.0,0.17168757788621922,0.04508666818215284,0.08858956101881679
625.0,signal_electron,2345.0,-1.0,-0.17168757788621922,-0.04508666818215284,0.09296942632389842
626.0,signal_electron,2365.0,1.0,0.03517014711218504,0.019785455748063133,0.14945768299534198
627.0,signal_electron,2365.0,-1.0,-0.03517014711218504,-0.019785455748063133,0.20615453091100006
628.0,signal_electron,2371.0,1.0,-0.08309353307622551,-0.018423044118627198,0.1557032904390468
629.0,signal_electron,2371.0,-1.0,0.08309353307622551,0.018423044118627198,0.10153041722539491
630.0,signal_electron,2377.0,1.0,0.16314588540119204,0.039918290844503206,0.12912437283845435
631.0,signal_electron,2377.0,-1.0,-0.16314588540119204,-0.039918290844503206,0.16421306261354832
632.0,signal_electron,2402.0,1.0,-0.17300132346147765,-0.038016253977220145,0.16038325070767528
633.0,signal_electron,2402.0,-1.0,0.17300132346147765,0.038016253977220145,0.09838336454414545
634.0,signal_electron,2408.0,1.0,0.0906022527898643,0.02761403564001238,0.18263104453701928
635.0,signal_electron,2408.0,-1.0,-0.0906022527898643,-0.02761403564001238,0.13640580383177084
636.0,signal_electron,2415.0,1.0,-0.02485198380280916,-0.013135881302950346,0.17098860453955916
637.0,signal_electron,2415.0,-1.0,0.02485198380280916,0.013135881302950346,0.1729589356680398
638.0,signal_electron,2424.0,1.0,-0.114181185764853,-0.025817372604514523,0.19610399589050087
639.0,signal_electron,2424.0,-1.0,0.114181185764853,0.025817372604514523,0.1505022310861775
640.0,signal_electron,2425.0,1.0,0.07135311087508407,0.016390816433140793,0.20979769717929375
641.0,signal_electron,2425.0,-1.0,-0.07135311087508407,-0.016390816433140793,0.24255869627578824
642.0,signal_electron,2432.0,1.0,-0.07656522785670848,-0.018782010926973132,0.15142579038312734
643.0,signal_electron,2432.0,-1.0,0.07656522785670848,0.018782010926973132,0.1797513633133317
644.0,signal_electron,2438.0,1.0,-0.0011019731723188745,-0.0004334372464238865,0.2020523899239601
645.0,signal_electron,2438.0,-1.0,0.0011019731723188745,0.0004334372464238865,0.2927097247096583
646.0,signal_electron,2444.0,1.0,-0.12511334309548325,-0.030230233539021323,0.18503469926531876
647.0,signal_electron,2444.0,-1.0,0.12511334309548325,0.030230233539021323,0.1463701678659405
648.0,signal_electron,2446.0,1.0,-0.10968519102988707,-0.02554386381889074,0.16616561492708382
649.0,signal_electron,2446.0,-1.0,0.10968519102988707,0.02554386381889074,0.16872134032762715
650.0,signal_electron,2458.0,1.0,0.05359382128668621,0.011786958710159104,0.2514767565797103
651.0,signal_electron,2458.0,-1.0,-0.05359382128668621,-0.011786958710159104,0.21973322128150888
652.0,signal_electron,2480.0,1.0,-0.10307560002552682,-0.035321821522539223,0.14001647543296314
653.0,signal_electron,2480.0,-1.0,0.10307560002552682,0.035321821522539223,0.12491784552231505
654.0,signal_electron,2483.0,1.0,0.09727966776626605,0.02128911392213085,0.18735150803480108
655.0,signal_electron,2483.0,-1.0,-0.09727966776626605,-0.02128911392213085,0.21859675587988403
656.0,signal_electron,2488.0,1.0,-0.0005632418916624616,-0.00040771016108772236,0.21804156628119106
657.0,signal_electron,2488.0,-1.0,0.0005632418916624616,0.00040771016108772236,0.21395589294089473
658.0,signal_electron,2498.0,1.0,0.12094583221662823,0.032257223783892716,0.1889037148816438
659.0,signal_electron,2498.0,-1.0,-0.12094583221662823,-0.032257223783892716,0.1283748047405065
660.0,signal_electron,2520.0,1.0,-0.08414558218401522,-0.020169517380416446,0.18725305227284378
661.0,signal_electron,2520.0,-1.0,0.08414558218401522,0.020169517380416446,0.1775000939163504
662.0,signal_electron,2529.0,1.0,-0.1457300303029098,-0.0365047291073387,0.1370189622861549
663.0,signal_electron,2529.0,-1.0,0.1457300303029098,0.0365047291073387,0.14776818551859702
664.0,signal_electron,2544.0,1.0,-0.07978392692067234,-0.01974350767937065,0.20908787331524992
665.0,signal_electron,2544.0,-1.0,0.07978392692067234,0.01974350767937065,0.22840084098017666
666.0,signal_electron,2546.0,1.0,0.09441708569502218,0.020536108358663898,0.18646242384975084
667.0,signal_electron,2546.0,-1.0,-0.09441708569502218,-0.020536108358663898,0.28878901866699036
668.0,signal_electron,2548.0,1.0,0.12695431186823258,0.029423595362135773,0.15096089467284357
669.0,signal_electron,2548.0,-1.0,-0.12695431186823258,-0.029423595362135773,0.1709945530096315
670.0,signal_electron,2552.0,1.0,-0.11709465455357355,-0.029028548330402127,0.15168736993487222
671.0,signal_electron,2552.0,-1.0,0.11709465455357355,0.029028548330402127,0.11291435553958884
672.0,signal_electron,2554.0,1.0,0.07261185556491818,0.020710647208057133,0.2646522427017281
673.0,signal_electron,2554.0,-1.0,-0.07261185556491818,-0.020710647208057133,0.18615406559071926
674.0,signal_electron,2559.0,1.0,0.08112263828111282,0.02154271195452327,0.17278639029619366
675.0,signal_electron,2559.0,-1.0,-0.08112263828111282,-0.02154271195452327,0.2501942215159549
676.0,signal_electron,2575.0,1.0,-0.017408794286027596,-0.006613739734696539,0.23432674959669636
677.0,signal_electron,2575.0,-1.0,0.017408794286027596,0.006613739734696539,0.16330908323662582
678.0,signal_electron,2589.0,1.0,-0.027110169206962832,-0.011781255958769327,0.2459373812718419
679.0,signal_electron,2589.0,-1.0,0.027110169206962832,0.011781255958769327,0.17703373958773697
680.0,signal_electron,2607.0,1.0,0.1954146529443516,0.052570058263215105,0.12810521011802062
681.0,signal_electron,2607.0,-1.0,-0.1954146529443516,-0.052570058263215105,0.07782950513189628
682.0,signal_electron,2633.0,1.0,0.02362912814018002,0.013774806835847964,0.1938920277659416
683.0,signal_electron,2633.0,-1.0,-0.02362912814018002,-0.013774806835847964,0.16196015958748264
684.0,signal_electron,2642.0,1.0,0.012868057196921672,0.0028279129806380652,0.17164815805476086
685.0,signal_electron,2642.0,-1.0,-0.012868057196921672,-0.0028279129806380652,0.14894744525229897
686.0,signal_electron,2643.0,1.0,-0.07238173644112064,-0.020752194313540834,0.08180451983423806
687.0,signal_electron,2643.0,-1.0,0.07238173644112064,0.020752194313540834,0.06648136925541458
688.0,signal_electron,2652.0,1.0,-0.19600418528266567,-0.04552723348580376,0.1330308599930497
689.0,signal_electron,2652.0,-1.0,0.19600418528266567,0.04552723348580376,0.13417297050197982
690.0,signal_electron,2658.0,1.0,-0.03424139394351367,-0.027366765392608693,0.23744745135181244
691.0,signal_electron,2658.0,-1.0,0.03424139394351367,0.027366765392608693,0.18346149570399176
692.0,signal_electron,2666.0,1.0,-0.047324748063458294,-0.03230765834757169,0.1802551119183961
693.0,signal_electron,2666.0,-1.0,0.047324748063458294,0.03230765834757169,0.14688040612961825
694.0,signal_electron,2668.0,1.0,-0.044694361296506245,-0.013239260959985759,0.18874172369301834
695.0,signal_electron,2668.0,-1.0,0.044694361296506245,0.013239260959985759,0.2506503055298696
696.0,signal_electron,2692.0,1.0,0.011398749977806,0.004254744582891617,0.157248966724411
697.0,signal_electron,2692.0,-1.0,-0.011398749977806,-0.004254744582891617,0.118989235794787
698.0,signal_electron,2693.0,1.0,0.010899251343540153,0.010016358411338452,0.25901101219783856
699.0,signal_electron,2693.0,-1.0,-0.010899251343540153,-0.010016358411338452,0.18814609124431728
700.0,signal_electron,2701.0,1.0,0.053311596557555636,0.019807313177583226,0.2387300862245493
701.0,signal_electron,2701.0,-1.0,-0.053311596557555636,-0.019807313177583226,0.16542237269584287
702.0,signal_electron,2708.0,1.0,0.07550458271989624,0.019073564128999507,0.18761687890819193
703.0,signal_electron,2708.0,-1.0,-0.07550458271989624,-0.019073564128999507,0.20258108377674297
704.0,signal_electron,2724.0,1.0,-0.02692244731522316,-0.016440273811955647,0.21367582510680147
705.0,signal_electron,2724.0,-1.0,0.02692244731522316,0.016440273811955647,0.21906461742970326
706.0,signal_electron,2731.0,1.0,0.08160958916869696,0.02528135618387468,0.18534562271387287
707.0,signal_electron,2731.0,-1.0,-0.08160958916869696,-0.02528135618387468,0.2782924304871953
708.0,signal_electron,2765.0,1.0,0.10514100085823047,0.0237737785059377,0.1675962713314058
709.0,signal_electron,2765.0,-1.0,-0.10514100085823047,-0.0237737785059377,0.13801494811257278
710.0,signal_electron,2771.0,1.0,-0.06838063676617005,-0.020652458289755843,0.1849335355711376
711.0,signal_electron,2771.0,-1.0,0.06838063676617005,0.020652458289755843,0.2322972732630355
712.0,signal_electron,2779.0,1.0,-0.04063798411052089,-0.009604154903455023,0.1913299842235627
713.0,signal_electron,2779.0,-1.0,0.04063798411052089,0.009604154903455023,0.18481774818483512
714.0,signal_electron,2784.0,1.0,-0.04011991700446933,-0.01665411275879215,0.17918486616401563
715.0,signal_electron,2784.0,-1.0,0.04011991700446933,0.01665411275879215,0.2631089937961245
716.0,signal_electron,2785.0,1.0,-0.045300331072051725,-0.018304610190448534,0.14467128588691186
717.0,signal_electron,2785.0,-1.0,0.045300331072051725,0.018304610190448534,0.18526227407666654
718.0,signal_electron,2787.0,1.0,-0.07440018735942394,-0.022770550134705334,0.22066444550328115
719.0,signal_electron,2787.0,-1.0,0.07440018735942394,0.022770550134705334,0.19989324559873434
720.0,signal_electron,2788.0,1.0,0.10188017947728624,0.0243059437266411,0.22379799510390208
721.0,signal_electron,2788.0,-1.0,-0.10188017947728624,-0.0243059437266411,0.1730773368031307
722.0,signal_electron,2813.0,1.0,0.03402806126070854,0.01069413574799807,0.0738338733059431
723.0,signal_electron,2813.0,-1.0,-0.03402806126070854,-0.01069413574799807,0.09721689945406066
724.0,signal_electron,2814.0,1.0,0.006228598058540294,0.0016600137637607147,0.17405567090693327
725.0,signal_electron,2814.0,-1.0,-0.006228598058540294,-0.0016600137637607147,0.23049887409174943
726.0,signal_electron,2819.0,1.0,-0.009700081808641844,-0.003949974427680927,0.17972149741358423
727.0,signal_electron,2819.0,-1.0,0.009700081808641844,0.003949974427680927,0.2528974494538999
728.0,signal_electron,2825.0,1.0,-0.11779550718004642,-0.029042338110511698,0.1692131800849712
729.0,signal_electron,2825.0,-1.0,0.11779550718004642,0.029042338110511698,0.1930534841611164
730.0,signal_electron,2826.0,1.0,-0.03077858580529988,-0.008811226020611589,0.11977279058771202
731.0,signal_electron,2826.0,-1.0,0.03077858580529988,0.008811226020611589,0.11562119549388405
732.0,signal_electron,2844.0,1.0,-0.003950209883605733,-0.004623690093526597,0.28887137639223326
733.0,signal_electron,2844.0,-1.0,0.003950209883605733,0.004623690093526597,0.18267108760692502
734.0,signal_electron,2848.0,1.0,0.009117644758009445,0.005969317694069259,0.2054793499495774
735.0,signal_electron,2848.0,-1.0,-0.009117644758009445,-0.005969317694069259,0.18926987809995235
736.0,signal_electron,2864.0,1.0,0.011224689746196016,0.012874523722821482,0.22687590238825556
737.0,signal_electron,2864.0,-1.0,-0.011224689746196016,-0.012874523722821482,0.19411836453326434
738.0,signal_electron,2874.0,1.0,-0.09054328217441335,-0.026187759731026317,0.11820114052783341
739.0,signal_electron,2874.0,-1.0,0.09054328217441335,0.026187759731026317,0.19297240947536173
740.0,signal_electron,2877.0,1.0,-0.11012013348488467,-0.024323763742898647,0.20818309785211353
741.0,signal_electron,2877.0,-1.0,0.11012013348488467,0.024323763742898647,0.20997149872868787
742.0,signal_electron,2879.0,1.0,0.034917028300631876,0.008356784763166796,0.2357735543216214
743.0,signal_electron,2879.0,-1.0,-0.034917028300631876,-0.008356784763166796,0.1660096668657663
744.0,signal_electron,2881.0,1.0,0.01606817176724376,0.007000994606044175,0.15701120634312843
745.0,signal_electron,2881.0,-1.0,-0.01606817176724376,-0.007000994606044175,0.20561583400310846
746.0,signal_electron,2886.0,1.0,0.12943544126486417,0.030908631150821403,0.1182990373810757
747.0,signal_electron,2886.0,-1.0,-0.12943544126486417,-0.030908631150821403,0.1276321374959338
748.0,signal_electron,2888.0,1.0,-0.07203103819791255,-0.02191725233308744,0.170628248399332
749.0,signal_electron,2888.0,-1.0,0.07203103819791255,0.02191725233308744,0.14870235927249156
750.0,signal_electron,2891.0,1.0,-0.036875092793971574,-0.013472001208961092,0.13683658348463734
751.0,signal_electron,2891.0,-1.0,0.036875092793971574,0.013472001208961092,0.16911844570187617
752.0,signal_electron,2896.0,1.0,-0.01434057185077048,-0.0057212715872942835,0.19754275737193114
753.0,signal_electron,2896.0,-1.0,0.01434057185077048,0.0057212715872942835,0.23987753254221103
754.0,signal_electron,2917.0,1.0,0.0672525780512021,0.020080339244919632,0.2246803649722892
755.0,signal_electron,2917.0,-1.0,-0.0672525780512021,-0.020080339244919632,0.13717142404708704
756.0,signal_electron,2919.0,1.0,-0.009392432695090413,-0.00823501722128485,0.269509367701493
757.0,signal_electron,2919.0,-1.0,0.009392432695090413,0.00823501722128485,0.19025023259783352
758.0,signal_electron,2935.0,1.0,-0.06600499392894928,-0.014984300621753611,0.19821520842363818
759.0,signal_electron,2935.0,-1.0,0.06600499392894928,0.014984300621753611,0.21801804568460384
760.0,signal_electron,2940.0,1.0,-0.03134131254729429,-0.01591174284008297,0.2089626771981825
761.0,signal_electron,2940.0,-1.0,0.03134131254729429,0.01591174284008297,0.24264574590962407
762.0,signal_electron,2941.0,1.0,-0.05228223687856337,-0.030244303448792215,0.07542893154381142
763.0,signal_electron,2941.0,-1.0,0.05228223687856337,0.030244303448792215,0.0836012665350914
764.0,signal_electron,2942.0,1.0,0.009906400480392725,0.012305824331852974,0.20269482334561734
765.0,signal_electron,2942.0,-1.0,-0.009906400480392725,-0.012305824331852974,0.1528667196840931
766.0,signal_electron,2949.0,1.0,-0.04584270287688886,-0.02001925685870785,0.20337786410811157
767.0,signal_electron,2949.0,-1.0,0.04584270287688886,0.02001925685870785,0.25351623134391116
768.0,signal_electron,2950.0,1.0,0.06811119501293958,0.016185382164200877,0.17750966687243414
769.0,signal_electron,2950.0,-1.0,-0.06811119501293958,-0.016185382164200877,0.2395415955846219
770.0,signal_electron,2954.0,1.0,-0.0073620145173742746,-0.0020016704825047663,0.21894615570725298
771.0,signal_electron,2954.0,-1.0,0.0073620145173742746,0.0020016704825047663,0.17058140613947254
772.0,signal_electron,2957.0,1.0,-0.08498215097037443,-0.021432918458208935,0.2560505940443977
773.0,signal_electron,2957.0,-1.0,0.08498215097037443,0.021432918458208935,0.17594488275738882
774.0,signal_electron,2966.0,1.0,0.009172654351182521,0.004852681112891935,0.25156048725470087
775.0,signal_electron,2966.0,-1.0,-0.009172654351182521,-0.004852681112891935,0.20841030309155748
776.0,signal_electron,2970.0,1.0,0.04300506429176623,0.009635728982199315,0.1793920175071146
777.0,signal_electron,2970.0,-1.0,-0.04300506429176623,-0.009635728982199315,0.23071941314041905
778.0,signal_electron,2978.0,1.0,0.025209222610128208,0.006270313659597585,0.24511524035450227
779.0,signal_electron,2978.0,-1.0,-0.025209222610128208,-0.006270313659597585,0.20058404630159044
780.0,signal_electron,2989.0,1.0,0.05975361579635736,0.018948942202124005,0.2643125742379844
781.0,signal_electron,2989.0,-1.0,-0.05975361579635736,-0.018948942202124005,0.17841673562438257
782.0,signal_electron,2998.0,1.0,0.059361885826998875,0.015241320332666258,0.23623688558228548
783.0,signal_electron,2998.0,-1.0,-0.059361885826998875,-0.015241320332666258,0.204545467814459
784.0,signal_electron,3003.0,1.0,-0.1317946016619186,-0.04190397929786668,0.08923027916000537
785.0,signal_electron,3003.0,-1.0,0.1317946016619186,0.04190397929786668,0.1280710311482849
786.0,signal_electron,3020.0,1.0,0.38907151396992085,0.08551232980046829,0.05093846045831802
787.0,signal_electron,3020.0,-1.0,-0.38907151396992085,-0.08551232980046829,0.06702004561806642
788.0,signal_electron,3024.0,1.0,-0.04832435488761628,-0.014556911399938815,0.1585838238495625
789.0,signal_electron,3024.0,-1.0,0.04832435488761628,0.014556911399938815,0.20106320199124897
790.0,signal_electron,3038.0,1.0,-0.11081892805300718,-0.02880834903304512,0.1399235420268694
791.0,signal_electron,3038.0,-1.0,0.11081892805300718,0.02880834903304512,0.1754315932086744
792.0,signal_electron,3044.0,1.0,0.03507669162502626,0.021799261033515423,0.19708497505591754
793.0,signal_electron,3044.0,-1.0,-0.03507669162502626,-0.021799261033515423,0.19748501587962858
794.0,signal_electron,3051.0,1.0,-0.03388594172294034,-0.02047754679728085,0.2217846937621722
795.0,signal_electron,3051.0,-1.0,0.03388594172294034,0.02047754679728085,0.24244495886311535
796.0,signal_electron,3053.0,1.0,0.052502820579521686,0.013847829470469655,0.20642075169319415
797.0,signal_electron,3053.0,-1.0,-0.052502820579521686,-0.013847829470469655,0.22230406444841522
798.0,signal_electron,3054.0,1.0,0.027143686841481673,0.010282731826480032,0.25578519114877046
799.0,signal_electron,3054.0,-1.0,-0.027143686841481673,-0.010282731826480032,0.2076700869474366
800.0,signal_electron,3059.0,1.0,0.011432810492176372,0.018067139285038898,0.19338619519949835
801.0,signal_electron,3059.0,-1.0,-0.011432810492176372,-0.018067139285038898,0.22634730167707143
802.0,signal_electron,3063.0,1.0,-0.011506710624106352,-0.009591590704880913,0.19496400910208647
803.0,signal_electron,3063.0,-1.0,0.011506710624106352,0.009591590704880913,0.1757044044320517
804.0,signal_electron,3101.0,1.0,0.06982723025597819,0.017528956956226402,0.1991878824823077
805.0,signal_electron,3101.0,-1.0,-0.06982723025597819,-0.017528956956226402,0.20504338245787682
806.0,signal_electron,3105.0,1.0,-0.005739873286512797,-0.006659964115342374,0.17428768301108277
807.0,signal_electron,3105.0,-1.0,0.005739873286512797,0.006659964115342374,0.2729690703940195
808.0,signal_electron,3117.0,1.0,0.08588113540357267,0.018760331309629962,0.1476463764343264
809.0,signal_electron,3117.0,-1.0,-0.08588113540357267,-0.018760331309629962,0.21295359177610296
810.0,signal_electron,3125.0,1.0,-0.0754776013299275,-0.025764802629323635,0.2363371183982418
811.0,signal_electron,3125.0,-1.0,0.0754776013299275,0.025764802629323635,0.18943740015754965
812.0,signal_electron,3132.0,1.0,0.05989198195386776,0.02001839190777389,0.21534136814674798
813.0,signal_electron,3132.0,-1.0,-0.05989198195386776,-0.02001839190777389,0.2610423989136484
814.0,signal_electron,3149.0,1.0,-0.03147517546374494,-0.02585501136243628,0.18204633853463215
815.0,signal_electron,3149.0,-1.0,0.03147517546374494,0.02585501136243628,0.18557844998482245
816.0,signal_electron,3173.0,1.0,0.022121427663552445,0.009018360079330176,0.13280196989924295
817.0,signal_electron,3173.0,-1.0,-0.022121427663552445,-0.009018360079330176,0.17456247631492833
818.0,signal_electron,3180.0,1.0,-0.046682717676526736,-0.016405742021742428,0.23930116079474473
819.0,signal_electron,3180.0,-1.0,0.046682717676526736,0.016405742021742428,0.17790845657508603
820.0,signal_electron,3198.0,1.0,0.1244611055056485,0.0314232724907119,0.0724272990090471
821.0,signal_electron,3198.0,-1.0,-0.1244611055056485,-0.0314232724907119,0.08712076122192122
822.0,signal_electron,3227.0,1.0,-0.06708145144387533,-0.017533531111765605,0.21288264584581781
823.0,signal_electron,3227.0,-1.0,0.06708145144387533,0.017533531111765605,0.18266280078458408
824.0,signal_electron,3239.0,1.0,0.07734214098113669,0.018174375821580435,0.12293362503280084
825.0,signal_electron,3239.0,-1.0,-0.07734214098113669,-0.018174375821580435,0.17424089359699563
826.0,signal_electron,3252.0,1.0,0.02798707070908744,0.006674213653024848,0.23366477101778554
827.0,signal_electron,3252.0,-1.0,-0.02798707070908744,-0.006674213653024848,0.22623434707294277
828.0,signal_electron,3253.0,1.0,-0.09126990898974988,-0.020958385313103928,0.22723460397231993
829.0,signal_electron,3253.0,-1.0,0.09126990898974988,0.020958385313103928,0.18035591494560632
830.0,signal_electron,3256.0,1.0,-0.0025132551104143286,-0.0021107014224510576,0.14549478608730604
831.0,signal_electron,3256.0,-1.0,0.0025132551104143286,0.0021107014224510576,0.12960877503460702
832.0,signal_electron,3261.0,1.0,-0.0490706594836287,-0.013808673346120591,0.16843468336290263
833.0,signal_electron,3261.0,-1.0,0.0490706594836287,0.013808673346120591,0.18765680417770128
834.0,signal_electron,3268.0,1.0,-0.08512029285161046,-0.028679753100513093,0.18497914058531814
835.0,signal_electron,3268.0,-1.0,0.08512029285161046,0.028679753100513093,0.21173821839134394
836.0,signal_electron,3275.0,1.0,0.019451977087306813,0.014637710017696134,0.2066906688185396
837.0,signal_electron,3275.0,-1.0,-0.019451977087306813,-0.014637710017696134,0.17775124647574267
838.0,signal_electron,3293.0,1.0,0.03310565468122848,0.01795592898239387,0.28107005591813694
839.0,signal_electron,3293.0,-1.0,-0.03310565468122848,-0.01795592898239387,0.19023426241883723
840.0,signal_electron,3298.0,1.0,0.061729695149042065,0.019863547567542886,0.24537412553118762
841.0,signal_electron,3298.0,-1.0,-0.061729695149042065,-0.019863547567542886,0.19370254099841336
842.0,signal_electron,3303.0,1.0,0.02499956068824832,0.012566776958248097,0.2540670841359006
843.0,signal_electron,3303.0,-1.0,-0.02499956068824832,-0.012566776958248097,0.15846181459112033
844.0,signal_electron,3309.0,1.0,0.022192686720273174,0.005777448471259675,0.2327737388924453
845.0,signal_electron,3309.0,-1.0,-0.022192686720273174,-0.005777448471259675,0.14906042315939494
846.0,signal_electron,3322.0,1.0,0.04238039896911098,0.019855804463805738,0.1524802249044328
847.0,signal_electron,3322.0,-1.0,-0.04238039896911098,-0.019855804463805738,0.10327010694253558
848.0,signal_electron,3325.0,1.0,-0.08800036283663731,-0.033966679411709604,0.16145977386503177
849.0,signal_electron,3325.0,-1.0,0.08800036283663731,0.033966679411709604,0.19050019347553926
850.0,signal_electron,3327.0,1.0,-0.11590247792218121,-0.025286700655450137,0.25805886055865823
851.0,signal_electron,3327.0,-1.0,0.11590247792218121,0.025286700655450137,0.1991126374734999
852.0,signal_electron,3328.0,1.0,-0.034638023451248286,-0.021172237174351502,0.18907172974133535
853.0,signal_electron,3328.0,-1.0,0.034638023451248286,0.021172237174351502,0.2433394633858945
854.0,signal_electron,3330.0,1.0,0.11528546585694555,0.05306737568633624,0.06633181131360222
855.0,signal_electron,3330.0,-1.0,-0.11528546585694555,-0.05306737568633624,0.09181239602350284
856.0,signal_electron,3338.0,1.0,-0.06315453285544165,-0.023975823480052876,0.19335693213364272
857.0,signal_electron,3338.0,-1.0,0.06315453285544165,0.023975823480052876,0.1771692754841211
858.0,signal_electron,3344.0,1.0,-0.038027203414255605,-0.010822539708050562,0.22943624302698756
859.0,signal_electron,3344.0,-1.0,0.038027203414255605,0.010822539708050562,0.17261585787131065
860.0,signal_electron,3350.0,1.0,-0.055661766340375396,-0.019614157313423895,0.09474595990469745
861.0,signal_electron,3350.0,-1.0,0.055661766340375396,0.019614157313423895,0.09753760261406244
862.0,signal_electron,3352.0,1.0,0.02677756476768291,0.00714876323249693,0.12880158358904903
863.0,signal_electron,3352.0,-1.0,-0.02677756476768291,-0.00714876323249693,0.18675311181114126
864.0,signal_electron,3373.0,1.0,-0.00037745029781230193,-8.585645203133181e-05,0.09298633495993341
865.0,signal_electron,3373.0,-1.0,0.00037745029781230193,8.585645203133181e-05,0.08777912013251267
866.0,signal_electron,3375.0,1.0,-0.045842263635617574,-0.012410462887121531,0.19210574926300242
867.0,signal_electron,3375.0,-1.0,0.045842263635617574,0.012410462887121531,0.13669245955830642
868.0,signal_electron,3391.0,1.0,-0.1093784744658875,-0.03650520071254069,0.13749996144504006
869.0,signal_electron,3391.0,-1.0,0.1093784744658875,0.03650520071254069,0.13742128112069601
870.0,signal_electron,3408.0,1.0,-0.028163477975777736,-0.006441730213623643,0.274296879812727
871.0,signal_electron,3408.0,-1.0,0.028163477975777736,0.006441730213623643,0.2094991265529395
872.0,signal_electron,3412.0,1.0,-0.19788227015416232,-0.05071392747505485,0.0957356515398861
873.0,signal_electron,3412.0,-1.0,0.19788227015416232,0.05071392747505485,0.11451544010974084
874.0,signal_electron,3414.0,1.0,-0.001955040069941429,-0.0007205405937309957,0.24115156900397125
875.0,signal_electron,3414.0,-1.0,0.001955040069941429,0.0007205405937309957,0.2212337053661235
876.0,signal_electron,3415.0,1.0,-0.12768431442697978,-0.031206828403216747,0.1426649100074877
877.0,signal_electron,3415.0,-1.0,0.12768431442697978,0.031206828403216747,0.21062009760714187
878.0,signal_electron,3420.0,1.0,-0.027668085595577766,-0.006613073504391556,0.1937816160398235
879.0,signal_electron,3420.0,-1.0,0.027668085595577766,0.006613073504391556,0.1449767649770253
880.0,signal_electron,3421.0,1.0,0.0936254532454826,0.022700396643048508,0.13582607659731588
881.0,signal_electron,3421.0,-1.0,-0.0936254532454826,-0.022700396643048508,0.20909746299655896
882.0,signal_electron,3426.0,1.0,-0.015166303024413895,-0.0052443663589835255,0.15461476741714836
883.0,signal_electron,3426.0,-1.0,0.015166303024413895,0.0052443663589835255,0.10254455262616011
884.0,signal_electron,3428.0,1.0,0.12240637139395295,0.04761246173895768,0.0907142988453215
885.0,signal_electron,3428.0,-1.0,-0.12240637139395295,-0.04761246173895768,0.0790845665613185
886.0,signal_electron,3432.0,1.0,0.08674994968768805,0.024235691280473162,0.17016672996510424
887.0,signal_electron,3432.0,-1.0,-0.08674994968768805,-0.024235691280473162,0.235858687470109
888.0,signal_electron,3448.0,1.0,0.010302703156687998,0.003291792080886274,0.25605459424424437
889.0,signal_electron,3448.0,-1.0,-0.010302703156687998,-0.003291792080886274,0.21195903669808025
890.0,signal_electron,3452.0,1.0,0.12775462765686604,0.04814166168282801,0.11175285008146475
891.0,signal_electron,3452.0,-1.0,-0.12775462765686604,-0.04814166168282801,0.09616527401526435
892.0,signal_electron,3461.0,1.0,0.039816798293323526,0.02541526310816127,0.1854480715487669
893.0,signal_electron,3461.0,-1.0,-0.039816798293323526,-0.02541526310816127,0.17087346811318355
894.0,signal_electron,3462.0,1.0,0.012213317403115296,0.004105002108411708,0.2234646530236418
895.0,signal_electron,3462.0,-1.0,-0.012213317403115296,-0.004105002108411708,0.1842930637140188
896.0,signal_electron,3464.0,1.0,0.09143675766352094,0.02236060469682094,0.19353478441189204
897.0,signal_electron,3464.0,-1.0,-0.09143675766352094,-0.02236060469682094,0.20804162128230458
898.0,signal_electron,3472.0,1.0,-0.08531284547862648,-0.039114786886944426,0.14031937203583925
899.0,signal_electron,3472.0,-1.0,0.08531284547862648,0.039114786886944426,0.10997681011144875
900.0,signal_electron,3482.0,1.0,0.00585070232841359,0.00198311893954748,0.18191995196729815
901.0,signal_electron,3482.0,-1.0,-0.00585070232841359,-0.00198311893954748,0.1731732890542064
902.0,signal_electron,3490.0,1.0,-0.04705224224031387,-0.02424772071135617,0.21579374054664083
903.0,signal_electron,3490.0,-1.0,0.04705224224031387,0.02424772071135617,0.2523620435656996
904.0,signal_electron,3515.0,1.0,-0.04962675079420989,-0.01576564668941202,0.21204378811020005
905.0,signal_electron,3515.0,-1.0,0.04962675079420989,0.01576564668941202,0.24996492039681562
906.0,signal_electron,3517.0,1.0,-0.0739627109217523,-0.025864767667282268,0.16152616547131335
907.0,signal_electron,3517.0,-1.0,0.0739627109217523,0.025864767667282268,0.14088470060160294
908.0,signal_electron,3519.0,1.0,-0.08667267835319341,-0.025599465059716858,0.19742233757832964
909.0,signal_electron,3519.0,-1.0,0.08667267835319341,0.025599465059716858,0.16210371003273755
910.0,signal_electron,3530.0,1.0,-0.015632065045866134,-0.004684741941794833,0.14590145892157844
911.0,signal_electron,3530.0,-1.0,0.015632065045866134,0.004684741941794833,0.17728182682427812
912.0,signal_electron,3536.0,1.0,-0.045056137024860686,-0.014642171619254433,0.27036443373262115
913.0,signal_electron,3536.0,-1.0,0.045056137024860686,0.014642171619254433,0.17772783074251097
914.0,signal_electron,3541.0,1.0,0.07674860709207987,0.017809282884561666,0.2392799861856058
915.0,signal_electron,3541.0,-1.0,-0.07674860709207987,-0.017809282884561666,0.19040436779721154
916.0,signal_electron,3545.0,1.0,-0.09754544688885729,-0.024096955033701618,0.18532513805056242
917.0,signal_electron,3545.0,-1.0,0.09754544688885729,0.024096955033701618,0.17727011427349043
918.0,signal_electron,3551.0,1.0,-0.06390533105795874,-0.027849789886923847,0.17896086580328724
919.0,signal_electron,3551.0,-1.0,0.06390533105795874,0.027849789886923847,0.15109773837817572
920.0,signal_electron,3558.0,1.0,-0.03048189432249727,-0.009133741369926559,0.1377585839804913
921.0,signal_electron,3558.0,-1.0,0.03048189432249727,0.009133741369926559,0.14864489739153056
922.0,signal_electron,3587.0,1.0,0.09484639640908779,0.02286659527322004,0.2022142056139726
923.0,signal_electron,3587.0,-1.0,-0.09484639640908779,-0.02286659527322004,0.17871552330167484
924.0,signal_electron,3591.0,1.0,-0.006590689098421874,-0.0027054437436190514,0.1846219726213303
925.0,signal_electron,3591.0,-1.0,0.006590689098421874,0.0027054437436190514,0.21317296667662491
926.0,signal_electron,3592.0,1.0,-0.06037971477715583,-0.019679747187277916,0.1812213870325524
927.0,signal_electron,3592.0,-1.0,0.06037971477715583,0.019679747187277916,0.2689189348493746
928.0,signal_electron,3599.0,1.0,0.09213109823828644,0.021973774788377524,0.2748311105777912
929.0,signal_electron,3599.0,-1.0,-0.09213109823828644,-0.021973774788377524,0.18723348127160466
930.0,signal_electron,3606.0,1.0,-0.06037138661434164,-0.017931389034035284,0.18846065529476713
931.0,signal_electron,3606.0,-1.0,0.06037138661434164,0.017931389034035284,0.1691688063554839
932.0,signal_electron,3607.0,1.0,0.06841747504935516,0.024492028955364176,0.14973790214275368
933.0,signal_electron,3607.0,-1.0,-0.06841747504935516,-0.024492028955364176,0.2350927313291524
934.0,signal_electron,3611.0,1.0,-0.006552070225048737,-0.007306451255903476,0.21431191617723855
935.0,signal_electron,3611.0,-1.0,0.006552070225048737,0.007306451255903476,0.22283192878778657
936.0,signal_electron,3615.0,1.0,0.020879827921731094,0.019308065958972297,0.18542091023544818
937.0,signal_electron,3615.0,-1.0,-0.020879827921731094,-0.019308065958972297,0.27235532329478435
938.0,signal_electron,3622.0,1.0,0.019354413397974782,0.006844156087903618,0.1974395602375329
939.0,signal_electron,3622.0,-1.0,-0.019354413397974782,-0.006844156087903618,0.24857671797579292
940.0,signal_electron,3633.0,1.0,0.02106623511076228,0.0169295319952932,0.22860933320714366
941.0,signal_electron,3633.0,-1.0,-0.02106623511076228,-0.0169295319952932,0.2176686092871143
942.0,signal_electron,3641.0,1.0,-0.06804192657268969,-0.019630072196610667,0.25853143767290865
943.0,signal_electron,3641.0,-1.0,0.06804192657268969,0.019630072196610667,0.1974434126571192
944.0,signal_electron,3652.0,1.0,-0.10461456186970294,-0.023109399171438096,0.22401264859226605
945.0,signal_electron,3652.0,-1.0,0.10461456186970294,0.023109399171438096,0.16689907790728775
946.0,signal_electron,3653.0,1.0,0.007620158904363408,0.007017944765670692,0.23267909178623192
947.0,signal_electron,3653.0,-1.0,-0.007620158904363408,-0.007017944765670692,0.17246040575522223
948.0,signal_electron,3657.0,1.0,-0.03402047447475229,-0.019485089928348062,0.11735775383922117
949.0,signal_electron,3657.0,-1.0,0.03402047447475229,0.019485089928348062,0.1858271501546869
950.0,signal_electron,3664.0,1.0,0.07799857586865502,0.02063237118321587,0.12442154137163626
951.0,signal_electron,3664.0,-1.0,-0.07799857586865502,-0.02063237118321587,0.18844173981129464
952.0,signal_electron,3675.0,1.0,0.023591923085745054,0.01742512008128684,0.08914227974089553
953.0,signal_electron,3675.0,-1.0,-0.023591923085745054,-0.01742512008128684,0.10379336442802241
954.0,signal_electron,3678.0,1.0,0.06650533867990509,0.017548089918420304,0.19329864197291505
955.0,signal_electron,3678.0,-1.0,-0.06650533867990509,-0.017548089918420304,0.24387843757692665
956.0,signal_electron,3685.0,1.0,-0.10025344721409522,-0.04369408553588275,0.1326551201394753
957.0,signal_electron,3685.0,-1.0,0.10025344721409522,0.04369408553588275,0.11574443003943975
958.0,signal_electron,3688.0,1.0,0.1406046462504493,0.044559726373870075,0.107358663084016
959.0,signal_electron,3688.0,-1.0,-0.1406046462504493,-0.044559726373870075,0.09253266388086086
960.0,signal_electron,3699.0,1.0,0.07000011136914785,0.02136704699808131,0.12546893277636076
961.0,signal_electron,3699.0,-1.0,-0.07000011136914785,-0.02136704699808131,0.08760445002319774
962.0,signal_electron,3715.0,1.0,0.04643236450577634,0.013033280606697369,0.18222969326855257
963.0,signal_electron,3715.0,-1.0,-0.04643236450577634,-0.013033280606697369,0.21220725458160525
964.0,signal_electron,3733.0,1.0,0.030580489003580597,0.018965654639722974,0.14001661608474386
965.0,signal_electron,3733.0,-1.0,-0.030580489003580597,-0.018965654639722974,0.1971636794351517
966.0,signal_electron,3737.0,1.0,-0.030148343230238385,-0.007733667064736096,0.2765340482104938
967.0,signal_electron,3737.0,-1.0,0.030148343230238385,0.007733667064736096,0.19711313004034356
968.0,signal_electron,3747.0,1.0,0.06464671554126544,0.015100012302968773,0.20261865805815518
969.0,signal_electron,3747.0,-1.0,-0.06464671554126544,-0.015100012302968773,0.1942761309914672
970.0,signal_electron,3755.0,1.0,0.08874525382007317,0.027901086767796318,0.23069685790294947
971.0,signal_electron,3755.0,-1.0,-0.08874525382007317,-0.027901086767796318,0.1571232248775318
972.0,signal_electron,3767.0,1.0,-0.051091687168296686,-0.01786326146623442,0.26019974167713095
973.0,signal_electron,3767.0,-1.0,0.051091687168296686,0.01786326146623442,0.18024937745586483
974.0,signal_electron,3776.0,1.0,-0.21339593879212537,-0.04697214182922308,0.05103413242625588
975.0,signal_electron,3776.0,-1.0,0.21339593879212537,0.04697214182922308,0.08582178561534973
976.0,signal_electron,3779.0,1.0,-0.08980729219969633,-0.02273118814078924,0.1777440977177655
977.0,signal_electron,3779.0,-1.0,0.08980729219969633,0.02273118814078924,0.15520388959905487
978.0,signal_electron,3783.0,1.0,-0.006184941256155075,-0.0031921915385155837,0.17592976594384843
979.0,signal_electron,3783.0,-1.0,0.006184941256155075,0.0031921915385155837,0.2488879168047708
980.0,signal_electron,3785.0,1.0,0.07398037565615445,0.017119568566105584,0.13710209044853416
981.0,signal_electron,3785.0,-1.0,-0.07398037565615445,-0.017119568566105584,0.20089562409015413
982.0,signal_electron,3786.0,1.0,-0.0448936086960369,-0.028810196423820933,0.23880165820892052
983.0,signal_electron,3786.0,-1.0,0.0448936086960369,0.028810196423820933,0.16230463465400663
984.0,signal_electron,3787.0,1.0,0.1421018828994824,0.03731730356013254,0.12601176588237087
985.0,signal_electron,3787.0,-1.0,-0.1421018828994824,-0.03731730356013254,0.16641229162493815
986.0,signal_electron,3790.0,1.0,0.06748158925649886,0.01759379711740794,0.20565887486794118
987.0,signal_electron,3790.0,-1.0,-0.06748158925649886,-0.01759379711740794,0.12859509033879746
988.0,signal_electron,3795.0,1.0,0.061552805359508606,0.01364992755108963,0.20652349022382924
989.0,signal_electron,3795.0,-1.0,-0.061552805359508606,-0.01364992755108963,0.2512638416557613
990.0,signal_electron,3799.0,1.0,-0.012942315954719716,-0.011007207063053814,0.23413505159617126
991.0,signal_electron,3799.0,-1.0,0.012942315954719716,0.011007207063053814,0.21461053923469342
992.0,signal_electron,3800.0,1.0,-0.045212951009601404,-0.019193536941406488,0.19697513540381453
993.0,signal_electron,3800.0,-1.0,0.045212951009601404,0.019193536941406488,0.23468086691996012
994.0,signal_electron,3805.0,1.0,-0.04619038877420625,-0.01818597840657034,0.1523113247885326
995.0,signal_electron,3805.0,-1.0,0.04619038877420625,0.01818597840657034,0.18795991457760672
996.0,signal_electron,3825.0,1.0,0.10443123507243382,0.024692239527277796,0.15611572045023528
997.0,signal_electron,3825.0,-1.0,-0.10443123507243382,-0.024692239527277796,0.24912572390534546
998.0,signal_electron,3846.0,1.0,-0.030102367084604918,-0.03627449258935304,0.12899681582184197
999.0,signal_electron,3846.0,-1.0,0.030102367084604918,0.03627449258935304,0.1459867131348859
1000.0,signal_electron,3847.0,1.0,-0.07456310669492118,-0.021289811249105572,0.15728973934325516
1001.0,signal_electron,3847.0,-1.0,0.07456310669492118,0.021289811249105572,0.13463786067765823
1002.0,signal_electron,3850.0,1.0,0.07441650855616198,0.020988768875003325,0.23425801268663385
1003.0,signal_electron,3850.0,-1.0,-0.07441650855616198,-0.020988768875003325,0.20925804345006482
1004.0,signal_electron,3880.0,1.0,0.10817254587319163,0.032280746409862504,0.16708617568024778
1005.0,signal_electron,3880.0,-1.0,-0.10817254587319163,-0.032280746409862504,0.1751411990993632
1006.0,signal_electron,3890.0,1.0,0.02281819283149218,0.023381704325847633,0.24925368673866372
1007.0,signal_electron,3890.0,-1.0,-0.02281819283149218,-0.023381704325847633,0.18701342952418018
1008.0,signal_electron,3907.0,1.0,0.02083945538113799,0.013925225884361014,0.2075346423358184
1009.0,signal_electron,3907.0,-1.0,-0.02083945538113799,-0.013925225884361014,0.20194207535359393
1010.0,signal_electron,3918.0,1.0,-0.09489230365201315,-0.04359917570981761,0.1206306594900722
1011.0,signal_electron,3918.0,-1.0,0.09489230365201315,0.04359917570981761,0.13856022624744765
1012.0,signal_electron,3920.0,1.0,-0.026621450151805223,-0.012132871613462137,0.25594212403561495
1013.0,signal_electron,3920.0,-1.0,0.026621450151805223,0.012132871613462137,0.2214311793715049
1014.0,signal_electron,3923.0,1.0,0.02132653370840273,0.0053895598959703365,0.18748179772618892
1015.0,signal_electron,3923.0,-1.0,-0.02132653370840273,-0.0053895598959703365,0.12313628748482665
1016.0,signal_electron,3931.0,1.0,0.06508910219053955,0.025670195207428137,0.2300725575976864
1017.0,signal_electron,3931.0,-1.0,-0.06508910219053955,-0.025670195207428137,0.2405950529024817
1018.0,signal_electron,3939.0,1.0,0.15746368761363727,0.04189304655079677,0.11955184460093284
1019.0,signal_electron,3939.0,-1.0,-0.15746368761363727,-0.04189304655079677,0.07237155052723113
1020.0,signal_electron,3961.0,1.0,0.041989448492772495,0.021426936191245232,0.1767534769134442
1021.0,signal_electron,3961.0,-1.0,-0.041989448492772495,-0.021426936191245232,0.2650075137463899
1022.0,signal_electron,3967.0,1.0,0.03217692581255496,0.01801014927784601,0.2167173688435055
1023.0,signal_electron,3967.0,-1.0,-0.03217692581255496,-0.01801014927784601,0.25749484944408785
1024.0,signal_electron,3973.0,1.0,0.02746994801210455,0.01388299312293541,0.17779534165296856
1025.0,signal_electron,3973.0,-1.0,-0.02746994801210455,-0.01388299312293541,0.1969405215990048
1026.0,signal_electron,3976.0,1.0,-0.056502279366178174,-0.01979079920635855,0.21193417724389355
1027.0,signal_electron,3976.0,-1.0,0.056502279366178174,0.01979079920635855,0.14390913746546036
1028.0,signal_electron,3981.0,1.0,0.06811258798852905,0.015204304129818587,0.20883572301138958
1029.0,signal_electron,3981.0,-1.0,-0.06811258798852905,-0.015204304129818587,0.14904323634146907
1030.0,signal_electron,3993.0,1.0,0.07208408716963573,0.01730745250445294,0.19159672321136104
1031.0,signal_electron,3993.0,-1.0,-0.07208408716963573,-0.01730745250445294,0.24466730648981683
1032.0,signal_electron,3996.0,1.0,0.05661863709845173,0.013048312933455819,0.2608028506636597
1033.0,signal_electron,3996.0,-1.0,-0.05661863709845173,-0.013048312933455819,0.20617167113014084
1034.0,signal_electron,3997.0,1.0,0.06204680513450175,0.014125972382881779,0.11795208084419685
1035.0,signal_electron,3997.0,-1.0,-0.06204680513450175,-0.014125972382881779,0.15014715911910909
