pos_candidate_id,neg_candidate_id,z_vertex_m,x_vertex_m,opening_angle_rad,reco_mass_mev,score,is_true_signal_pair
590.0,645.0,4.200238330934204,-2.486036687936871e-05,0.016257358565552837,4.2149899312064445,3.2010294905488735e-05,False
644.0,591.0,4.200238330934204,2.4860366879371314e-05,0.016257358565552837,3.7534871760602244,3.201029490549134e-05,False
602.0,875.0,4.19793073797319,8.014353895145418e-05,0.007563720904633182,1.3804235946261922,0.00014222139975577128,False
874.0,603.0,4.19793073797319,-8.014353895145722e-05,0.007563720904633182,1.6840042595663998,0.00014222139975577432,False
676.0,151.0,4.200009650698133,-0.00021313480302230514,0.0067737154106968876,1.6183418972260695,0.0002134243239662975,False
150.0,677.0,4.200009650698133,0.00021313480302230552,0.0067737154106968876,1.2231250330094305,0.0002134243239662979,False
848.0,849.0,4.209215020108788,0.0,0.06790725118887786,11.907280443526535,0.00027645060326363156,True
240.0,209.0,4.201261646114393,0.00029445331161646817,0.006686691808003653,1.0439183138025974,0.00033230269504824653,False
208.0,241.0,4.201261646114393,-0.00029445331161647055,0.006686691808003653,0.7380639816089137,0.0003323026950482489,False
576.0,753.0,4.200354327671056,-0.0005327070713576475,0.009866781799615176,1.9553905790473023,0.0005433369014893352,False
752.0,577.0,4.200354327671056,0.0005327070713576493,0.009866781799615176,1.973479363823417,0.0005433369014893369,False
726.0,531.0,4.199873154466015,0.000570352739944071,0.0069937235018168314,1.1832690055652173,0.0005741581059636179,False
530.0,727.0,4.199873154466015,-0.000570352739944071,0.0069937235018168314,1.3612638185161525,0.0005741581059636179,False
520.0,799.0,4.204418468742489,-0.0004540180217962875,0.012402975993130817,2.4732279837177447,0.0005865720840709465,False
798.0,521.0,4.204418468742489,0.0004540180217962875,0.012402975993130817,2.9948232702338657,0.0005865720840709465,False
498.0,499.0,4.220611669840992,0.0,0.0788338089589209,7.904554638002739,0.0006183500952297649,True
288.0,275.0,4.199085627915291,0.0006172286141539821,0.00805515793883065,1.4735534285826941,0.0006446597766952691,False
274.0,289.0,4.199085627915291,-0.0006172286141539855,0.00805515793883065,1.4206991699909564,0.0006446597766952726,False
900.0,857.0,4.1944163883306,0.0006835201195374771,0.021988114635731568,3.947422521385566,0.0008510284696194811,False
856.0,901.0,4.1944163883306,-0.0006835201195374771,0.021988114635731568,4.0234589045123474,0.0008510284696194811,False
884.0,885.0,4.229110637776642,0.0,0.09515306459003733,8.056430625660592,0.000873319133299244,True
220.0,25.0,4.201675123962169,-0.0009014841014813365,0.020988658320948633,4.139693551836823,0.0009517378203464086,False
24.0,221.0,4.201675123962169,0.0009014841014813382,0.020988658320948633,5.488515768454267,0.0009517378203464103,False
494.0,925.0,4.220396841291999,-0.0003882821283246289,0.009640399007626789,1.5630229466810448,0.0010001873670845867,False
924.0,495.0,4.220396841291999,0.0003882821283246298,0.009640399007626789,1.3984437750988299,0.0010001873670845876,False
200.0,273.0,4.195955751386339,0.0009087357687183693,0.01970434318841333,4.078419913273233,0.0010300632271282172,False
272.0,201.0,4.195955751386339,-0.0009087357687183745,0.01970434318841333,4.173355998101665,0.0010300632271282224,False
158.0,995.0,4.1973699552202355,-0.0011409850204497432,0.03568224333375386,6.48133647622348,0.0012198863638426842,False
994.0,159.0,4.1973699552202355,0.0011409850204497432,0.03568224333375386,5.95062551786305,0.0012198863638426842,False
216.0,347.0,4.19915391037716,-0.0013017356575138455,0.012991200910487737,2.4243382381449328,0.0013271183461990438,False
346.0,217.0,4.19915391037716,0.0013017356575138507,0.012991200910487737,2.8400872432171527,0.001327118346199049,False
696.0,315.0,4.160393890576898,0.00016790018277043801,0.0025712593980236277,0.4599375003251868,0.0013560834654635162,False
314.0,697.0,4.160393890576898,-0.00016790018277043888,0.0025712593980236277,0.4322754108334574,0.001356083465463517,False
326.0,581.0,4.2062580960806,0.0013678594302222354,0.010257142367156562,1.8302636671395254,0.0015556023126402426,False
580.0,327.0,4.2062580960806,-0.0013678594302222388,0.010257142367156562,1.812323527074375,0.001555602312640246,False
890.0,891.0,4.146277149747082,0.0,0.09620904392376259,9.96980882155282,0.0016116855075875502,True
1016.0,939.0,4.202884811648132,-0.001579351670629392,0.03250860812617244,7.773952568771714,0.001665896020073343,False
938.0,1017.0,4.202884811648132,0.0015793516706293954,0.03250860812617244,7.084997244284876,0.0016658960200733465,False
572.0,359.0,4.198089841887841,-0.0017164874708124264,0.027956572801499244,4.646595382411724,0.0017737922141772098,False
358.0,573.0,4.198089841887841,0.0017164874708124264,0.027956572801499244,6.577775820362502,0.0017737922141772098,False
894.0,883.0,4.2082163629264535,0.0015740401083814224,0.0011393392297224837,0.1724700716908769,0.0018205309961750226,False
882.0,895.0,4.2082163629264535,-0.0015740401083814224,0.0011393392297224837,0.19232378986627688,0.0018205309961750226,False
700.0,229.0,4.190701026575683,0.0016283946169937807,0.018047688639112328,3.6683672202637854,0.0019073638197233027,False
228.0,701.0,4.190701026575683,-0.0016283946169937825,0.018047688639112328,3.730784747397131,0.0019073638197233045,False
750.0,139.0,4.20166502819397,-0.001870320912514857,0.02215754419821883,2.9429422755580257,0.0019202717583339526,False
138.0,751.0,4.20166502819397,0.001870320912514871,0.02215754419821883,3.7702404025255114,0.0019202717583339665,False
214.0,725.0,4.197112306908934,-0.001907768662485744,0.020638669385553848,3.6647805542769607,0.001994399455217716,False
724.0,215.0,4.197112306908934,0.001907768662485751,0.020638669385553848,3.5722753663057834,0.001994399455217723,False
816.0,407.0,4.235448224873041,-0.0010066236866278604,0.0033233072952892377,0.5204953434121138,0.0020700704328190838,False
406.0,817.0,4.235448224873041,0.0010066236866278604,0.0033233072952892377,0.6605591142005607,0.0020700704328190838,False
218.0,979.0,4.20158971048161,-0.0021096820836373573,0.0035544478643603546,0.8030742399904794,0.0021573733980856454,False
978.0,219.0,4.20158971048161,0.002109682083637358,0.0035544478643603546,0.6682349329279391,0.0021573733980856462,False
744.0,453.0,4.207738139592542,-0.0020802395349228883,0.0033738279025160517,0.6334618872893849,0.0023123837226991413,False
452.0,745.0,4.207738139592542,0.002080239534922889,0.0033738279025160517,0.6658995039830614,0.002312383722699142,False
716.0,771.0,4.206598163514554,0.0021708786120077025,0.02030423403720266,3.1895995867342357,0.002368823517444329,False
770.0,717.0,4.206598163514554,-0.002170878612007706,0.02030423403720266,4.089227831433731,0.0023688235174443325,False
148.0,519.0,4.200805444538442,-0.002443462270385395,0.03699645031605511,8.074938644014393,0.002467625606538662,False
518.0,149.0,4.200805444538442,0.002443462270385402,0.03699645031605511,7.756630482466515,0.002467625606538669,False
106.0,65.0,4.222730048191032,0.0018316848211818969,0.010451204309238358,1.882702409578769,0.0025135862669128494,False
64.0,107.0,4.222730048191032,-0.0018316848211818969,0.010451204309238358,2.2476052768231867,0.0025135862669128494,False
542.0,331.0,4.173468081016447,-0.002053023350409272,0.01053162727101397,2.5010500880427085,0.002848980919915879,False
330.0,543.0,4.173468081016447,0.002053023350409272,0.01053162727101397,2.1065902698914885,0.002848980919915879,False
404.0,69.0,4.212454172478028,-0.0025334895063784894,0.021479900794647108,4.526838437078125,0.002907114680719311,False
68.0,405.0,4.212454172478028,0.0025334895063784946,0.021479900794647108,4.8395026197752475,0.002907114680719316,False
364.0,365.0,4.299081965594074,1.3877787807814457e-17,0.07480746280533723,8.500946924447636,0.002972458967822234,True
888.0,179.0,4.153831611219436,0.0015920670098085472,0.004649428305067558,0.9902264000685211,0.0029771186732254658,False
178.0,889.0,4.153831611219436,-0.001592067009808549,0.004649428305067558,1.0686286252571573,0.0029771186732254675,False
58.0,177.0,4.213893087177983,0.0026459351116950997,0.01836373197273033,3.4314115824197247,0.003062727727034576,False
176.0,59.0,4.213893087177983,-0.002645935111695103,0.01836373197273033,4.308643897969797,0.0030627277270345796,False
560.0,415.0,4.287639390205968,-0.0004834389120286185,0.00869564960552878,1.3014328125653383,0.003112620618207665,False
414.0,561.0,4.287639390205968,0.0004834389120286198,0.00869564960552878,1.3047387878248018,0.0031126206182076665,False
446.0,679.0,4.200869938616204,-0.0035108473163314863,0.029116057271708455,5.349775765128445,0.0035369454748176094,False
678.0,447.0,4.200869938616204,0.0035108473163314967,0.029116057271708455,6.284267998466251,0.00353694547481762,False
282.0,715.0,4.191402818748992,-0.0033239545943523005,0.020748495841557517,4.720738778845849,0.0035818700318825387,False
714.0,283.0,4.191402818748992,0.0033239545943523074,0.020748495841557517,4.442877256813277,0.0035818700318825457,False
472.0,491.0,4.193552732943599,-0.0036615788346367984,0.011006642689826018,1.9518441519901268,0.003854996846328844,False
490.0,473.0,4.193552732943599,0.0036615788346367993,0.011006642689826018,2.5513567726825936,0.003854996846328845,False
774.0,509.0,4.186038974108939,-0.003512064948994654,0.030758316274616247,7.026434859947074,0.0039308957257264835,False
508.0,775.0,4.186038974108939,0.003512064948994656,0.030758316274616247,6.079618111233708,0.003930895725726485,False
10.0,11.0,4.068659680947237,0.0,0.0833613462884534,7.306299694355331,0.003940209571582906,True
84.0,819.0,4.199087015119064,0.004012810225569999,0.03466323797047695,6.31887301990533,0.00404019977199809,False
818.0,85.0,4.199087015119064,-0.0040128102255700335,0.03466323797047695,6.923342660285136,0.004040199771998125,False
316.0,595.0,4.1998234745280705,-0.004088234877927012,0.02677981601730613,4.216332715644714,0.004093530642084903,False
594.0,317.0,4.1998234745280705,0.004088234877927015,0.02677981601730613,4.147895059470297,0.004093530642084907,False
50.0,197.0,4.2099486394950265,0.003803060590312308,0.020591999446173834,1.69343235917027,0.004101519775163098,False
196.0,51.0,4.2099486394950265,-0.00380306059031231,0.020591999446173834,2.2178015575694623,0.0041015197751631,False
298.0,911.0,4.222822403321816,0.0035586530672538355,0.008479537607661526,1.498670110319513,0.004243325166908304,False
910.0,299.0,4.222822403321816,-0.0035586530672538363,0.008479537607661526,1.2092611976375003,0.004243325166908305,False
860.0,993.0,4.200651615950592,-0.004677738223236132,0.03880282315390009,5.785691466165196,0.0046972867017539,False
992.0,861.0,4.200651615950592,0.0046777382232361525,0.03880282315390009,5.378086964512827,0.004697286701753921,False
932.0,7.0,4.191985347094509,0.004541904654379841,0.022039991281603027,3.685055197468155,0.004782344241544564,False
6.0,933.0,4.191985347094509,-0.004541904654379842,0.022039991281603027,4.590164947946294,0.004782344241544565,False
258.0,973.0,4.177913047090038,0.004252662341264132,0.01558998478533086,2.5774438238963793,0.004915270928563002,False
972.0,259.0,4.177913047090038,-0.004252662341264132,0.01558998478533086,3.813758959961341,0.004915270928563002,False
1026.0,145.0,4.198164161490034,-0.005009868718319911,0.03376072599711078,6.519888806142059,0.005064943873618896,False
144.0,1027.0,4.198164161490034,0.005009868718319918,0.03376072599711078,5.991883904675378,0.005064943873618903,False
44.0,525.0,4.205314013806701,-0.0049971005845123595,0.01045637016779181,1.7944805455542274,0.0051565209987133875,False
524.0,45.0,4.205314013806701,0.0049971005845123595,0.01045637016779181,1.9395183464586896,0.0051565209987133875,False
32.0,1013.0,4.217817368713629,-0.004707840196104148,0.02256050375884052,4.576573718807983,0.005242361257513003,False
1012.0,33.0,4.217817368713629,0.004707840196104155,0.02256050375884052,5.737647991772987,0.00524236125751301,False
250.0,393.0,4.222495447016117,0.004578154337777064,0.022561406684406638,4.383711846945092,0.005253017748260566,False
392.0,251.0,4.222495447016117,-0.004578154337777075,0.022561406684406638,3.7510108551230674,0.005253017748260576,False
276.0,477.0,4.205454387690326,0.005196439018181159,0.02001680706435456,4.01874941420594,0.0053600706488909225,False
476.0,277.0,4.205454387690326,-0.005196439018181162,0.02001680706435456,4.629381954839939,0.005360070648890926,False
352.0,115.0,4.211152403901249,-0.005106336292266048,0.008981078939797337,1.545594355067935,0.005440908409303503,False
114.0,353.0,4.211152403901249,0.005106336292266049,0.008981078939797337,1.6713840676915648,0.005440908409303505,False
336.0,337.0,4.010101108774241,2.7755575615628914e-17,0.1455904566811375,12.384307776717927,0.005696966736772807,True
140.0,3.0,4.1999707249769385,-0.005713984731889492,0.02629830380348539,5.37624415837757,0.005714862982581343,False
2.0,141.0,4.1999707249769385,0.005713984731889492,0.02629830380348539,5.3426902640776825,0.005714862982581343,False
428.0,419.0,4.200013920532571,-0.005749385252892078,0.0479025423611837,9.314583287489079,0.005749802868869211,False
418.0,429.0,4.200013920532571,0.005749385252892092,0.0479025423611837,7.592219020739904,0.005749802868869225,False
120.0,541.0,4.204753293655955,0.0057091053818539884,0.015293865296818747,3.2351670013685148,0.005851704191532628,False
540.0,121.0,4.204753293655955,-0.005709105381853999,0.015293865296818747,3.3305209438743413,0.005851704191532639,False
522.0,523.0,4.414028887793878,0.0,0.06997634902418993,10.691460222420405,0.006420866633816322,True
722.0,735.0,4.210758449998394,0.0063383606406344425,0.016662974893842962,1.969772603695939,0.006661114140586267,False
734.0,723.0,4.210758449998394,-0.006338360640634453,0.016662974893842962,2.3550627874142194,0.006661114140586277,False
110.0,907.0,4.1985164341497185,0.006675942900781759,0.03512952813547372,4.131136559730579,0.006720449876290208,False
906.0,111.0,4.1985164341497185,-0.006675942900781759,0.03512952813547372,5.022391803669302,0.006720449876290208,False
920.0,517.0,4.1819435543205685,-0.006569243855792165,0.024960825831741276,3.1529081296280923,0.0071109372261751146,False
516.0,921.0,4.1819435543205685,0.006569243855792169,0.024960825831741276,3.8301527731815583,0.007110937226175118,False
14.0,15.0,3.9619066637712876,0.0,0.06503650232202134,10.118610072582742,0.007142800086861376,True
844.0,411.0,4.199272075287561,0.0071671151474809475,0.03358638947504281,6.547709099273564,0.00718895288885413,False
410.0,845.0,4.199272075287561,-0.00716711514748096,0.03358638947504281,5.275148831917773,0.007188952888854142,False
168.0,1015.0,4.200442191892275,-0.007316061198568785,0.015505346649477513,2.4637312573134467,0.007329326955337036,False
1014.0,169.0,4.200442191892275,0.007316061198568787,0.015505346649477513,2.7037849660979827,0.0073293269553370375,False
912.0,767.0,4.177521819115361,-0.006657361432597632,0.03465770848466013,9.073101589337906,0.00733170685913681,False
766.0,913.0,4.177521819115361,0.006657361432597639,0.03465770848466013,6.588820400858352,0.007331706859136817,False
126.0,253.0,4.346521012535408,0.0029420226754358764,0.017600471175128564,3.266267845107977,0.007337653051498121,False
252.0,127.0,4.346521012535408,-0.0029420226754358785,0.017600471175128564,3.669669366192933,0.007337653051498123,False
842.0,39.0,4.199952385773773,-0.0076746577605577675,0.016768254391866886,4.230067993483452,0.007676086187344594,False
38.0,843.0,4.199952385773773,0.007674657760557771,0.016768254391866886,2.7525785740107995,0.007676086187344598,False
730.0,813.0,4.20225169844974,-0.00788923837568067,0.011204720516893654,1.9812230248355327,0.007956789329172872,False
812.0,731.0,4.20225169844974,0.007889238375680674,0.011204720516893654,1.7679957560546513,0.007956789329172875,False
188.0,249.0,4.183598817355472,-0.007586873674484585,0.018434964562319824,4.271559296464129,0.008078909153820427,False
248.0,189.0,4.183598817355472,0.007586873674484587,0.018434964562319824,3.3882807875656,0.008078909153820429,False
582.0,279.0,4.132423408262584,0.006475282224371815,0.02133721595970907,3.830016278440422,0.008502579976494302,False
278.0,583.0,4.132423408262584,-0.0064752822243718255,0.02133721595970907,3.038174723759045,0.008502579976494312,False
918.0,811.0,4.2002799266702,0.008496326749094424,0.05360169682835893,9.868211389780042,0.008504724549200425,False
810.0,919.0,4.2002799266702,-0.008496326749094438,0.05360169682835893,10.127948760683534,0.008504724549200439,False
904.0,479.0,4.2007032779378015,-0.008647157033230483,0.0349270150715318,7.83613750515034,0.008668255371364524,False
478.0,905.0,4.2007032779378015,0.008647157033230483,0.0349270150715318,7.177339338709648,0.008668255371364524,False
182.0,1025.0,4.205090708597917,0.008555159835071758,0.02120212848369639,4.322673589613687,0.00870788109300925,False
1024.0,183.0,4.205090708597917,-0.008555159835071772,0.02120212848369639,4.041448397669344,0.008707881093009264,False
464.0,433.0,4.210459493905187,-0.008433096088289259,0.007234487268927041,1.5514493019425755,0.008746880905444869,False
432.0,465.0,4.210459493905187,0.008433096088289259,0.007234487268927041,1.4681802569853815,0.008746880905444869,False
142.0,593.0,4.202946926840378,0.008807211866776715,0.03733093962338866,7.621240302497796,0.008895619671988039,False
592.0,143.0,4.202946926840378,-0.008807211866776726,0.03733093962338866,7.882633032180377,0.008895619671988049,False
264.0,153.0,4.1475295324654775,-0.007371944849453341,0.009265470967441337,1.2640112541034063,0.008946058875489021,False
152.0,265.0,4.1475295324654775,0.007371944849453346,0.009265470967441337,1.5451513949235427,0.008946058875489027,False
500.0,325.0,4.194740834793242,-0.008874062866092727,0.03257984563702143,4.8640557522028,0.009031837822295472,False
324.0,501.0,4.194740834793242,0.008874062866092734,0.03257984563702143,7.4729321652985465,0.009031837822295479,False
956.0,957.0,4.505560238083838,0.0,0.08733262164117803,10.818088568579435,0.009166807142515134,True
292.0,847.0,4.199494535034166,0.009254729050308844,0.008663794979501812,0.9977478624104501,0.009269892999283871,False
846.0,293.0,4.199494535034166,-0.009254729050308844,0.008663794979501812,1.4672800291838541,0.009269892999283871,False
356.0,357.0,4.509118853677225,0.0,0.09764407550843172,11.765479481310019,0.00927356561031674,True
926.0,637.0,4.2027101566759555,-0.009265707288453967,0.03281233301468273,5.808899394320325,0.009347011988732626,False
636.0,927.0,4.2027101566759555,0.009265707288453988,0.03281233301468273,7.035774359621118,0.009347011988732647,False
652.0,653.0,3.8818152750204797,0.0,0.07061428594992095,9.336931010380091,0.009545541749385612,True
502.0,269.0,4.199721669378765,0.009590891808560898,0.03143083849364875,5.46782187165626,0.009599241727197949,False
268.0,503.0,4.199721669378765,-0.009590891808560903,0.03143083849364875,4.857296112213901,0.009599241727197954,False
348.0,157.0,4.204543730057001,0.009494562197023104,0.03428687368492718,8.157149669825552,0.009630874098733122,False
156.0,349.0,4.204543730057001,-0.009494562197023118,0.03428687368492718,6.7073205408782695,0.009630874098733136,False
98.0,421.0,4.094705964373318,0.0064860114242745875,0.02187289446297174,3.1106249270733337,0.009644832493075042,False
420.0,99.0,4.094705964373318,-0.006486011424274593,0.02187289446297174,3.052813412705757,0.009644832493075047,False
430.0,369.0,4.2107716335148,0.00953022448777828,0.020739097767436786,4.0563065935969025,0.009853373493222274,False
368.0,431.0,4.2107716335148,-0.009530224487778287,0.020739097767436786,3.517458648350208,0.009853373493222281,False
210.0,859.0,4.191412442867971,0.00979566099526761,0.0050298840692653175,1.0765438883568599,0.010053287709228476,False
858.0,211.0,4.191412442867971,-0.009795660995267613,0.0050298840692653175,1.1399897056040034,0.010053287709228479,False
840.0,835.0,4.146863385263202,0.009028989799027984,0.008810957948047014,2.0083330412682168,0.010623088241131916,False
834.0,841.0,4.146863385263202,-0.009028989799027984,0.008810957948047014,1.667826082396713,0.010623088241131916,False
466.0,781.0,4.169775953973568,-0.009913652369565748,0.013755766972075003,2.9259846175582083,0.010820373750358709,False
780.0,467.0,4.169775953973568,0.009913652369565755,0.013755766972075003,3.2074105164223834,0.010820373750358716,False
868.0,869.0,3.8037563872834004,-1.3877787807814457e-17,0.07297799538967806,10.02937423302979,0.011887308381498008,True
26.0,733.0,4.083450648149983,-0.008610272443119273,0.02723989163778982,4.9841584807896835,0.0121067529986198,False
732.0,27.0,4.083450648149983,0.008610272443119288,0.02723989163778982,5.916570810607056,0.012106752998619815,False
898.0,899.0,4.618910640489726,0.0,0.07818971414738446,9.710651438985334,0.012567319214691767,True
1010.0,1011.0,4.623529869381328,0.0,0.08714316291343917,11.26273942479015,0.012705896081439842,True
854.0,855.0,4.627564216886097,0.0,0.10603528904761143,8.271009828666191,0.012826926506582906,True
946.0,5.0,4.29621344823012,-0.009951276820986687,0.008934873316126767,1.868450882794313,0.012837680267890294,False
4.0,947.0,4.29621344823012,0.009951276820986687,0.008934873316126767,1.8829180114423163,0.012837680267890294,False
374.0,879.0,4.096455710959942,0.009789348489777847,0.013262675736641676,2.377351719757375,0.012895677160979585,False
878.0,375.0,4.096455710959942,-0.009789348489777853,0.013262675736641676,2.785767448880666,0.012895677160979592,False
826.0,35.0,4.102421902370978,0.009982858139791027,0.019330973446277055,3.4365266747350964,0.012910201068661704,False
34.0,827.0,4.102421902370978,-0.009982858139791037,0.019330973446277055,4.017369315267425,0.012910201068661715,False
146.0,147.0,4.631072310638339,1.3877787807814457e-17,0.07765396245530229,16.024337390249222,0.012932169319150168,True
778.0,391.0,4.317952295904655,0.00964600498736634,0.02201433095765991,5.45212522722495,0.013184573864505972,False
390.0,779.0,4.317952295904655,-0.009646004987366341,0.02201433095765991,4.0274919160478895,0.013184573864505972,False
78.0,489.0,4.00886925375098,0.007595483709248127,0.012909743001329636,3.044436246873577,0.013329406096718732,False
488.0,79.0,4.00886925375098,-0.0075954837092481325,0.012909743001329636,2.211307148973567,0.013329406096718737,False
566.0,381.0,4.0587182935782105,0.009749436610088522,0.01911773525835249,2.965668805577355,0.013987887802742214,False
380.0,567.0,4.0587182935782105,-0.009749436610088532,0.01911773525835249,3.3822570621316728,0.013987887802742224,False
966.0,21.0,4.008815123807823,-0.008562248681641446,0.003230585467019981,0.7613086751867109,0.014297794967406765,False
20.0,967.0,4.008815123807823,0.008562248681641446,0.003230585467019981,0.6346445520453721,0.014297794967406765,False
136.0,57.0,4.053021581466663,0.009925053568814228,0.014688547674580402,3.413599691694026,0.014334406124814356,False
56.0,137.0,4.053021581466663,-0.009925053568814231,0.014688547674580402,3.193538339291404,0.01433440612481436,False
616.0,109.0,4.004541120353293,-0.008682961784714047,0.013608877466508228,3.149875044092717,0.014546728174115255,False
108.0,617.0,4.004541120353293,0.00868296178471405,0.013608877466508228,3.109447953409746,0.014546728174115259,False
788.0,863.0,3.891474193965303,-0.00598520242473357,0.007407241852180278,1.2747320299787455,0.015240976605774484,False
862.0,789.0,3.891474193965303,0.005985202424733573,0.007407241852180278,1.1920169492266346,0.015240976605774488,False
1020.0,243.0,4.407919477833752,-0.009265508220004277,0.01319609224563522,2.4787211451252684,0.015503092555016827,False
242.0,1021.0,4.407919477833752,0.009265508220004279,0.01319609224563522,3.254740547182859,0.015503092555016827,False
784.0,785.0,3.6548428127772525,0.0,0.08375895619979415,8.951295148513587,0.01635471561668243,True
960.0,601.0,3.9667943937270445,0.009462874024686166,0.009399382743698883,1.6616598394757869,0.016459042212874836,False
600.0,961.0,3.9667943937270445,-0.009462874024686166,0.009399382743698883,1.2549076742788898,0.016459042212874836,False
958.0,959.0,3.6445801244214957,0.0,0.08906053863805809,8.873763654551524,0.016662596267355133,True
970.0,871.0,3.9769062277631253,0.009977869527266717,0.02145220897456735,4.716020013109895,0.01667068269437296,False
870.0,971.0,3.9769062277631253,-0.00997786952726672,0.02145220897456735,4.453426788606371,0.016670682694372968,False
962.0,931.0,3.9542030325896538,0.009342294079828894,0.004896924840306903,0.8597906520471508,0.016716203102139286,False
930.0,963.0,3.9542030325896538,-0.009342294079828894,0.004896924840306903,0.9792948401567212,0.016716203102139286,False
706.0,507.0,3.967343536847876,0.009996192177193428,0.015223767306570391,3.355083133374166,0.01697588607175715,False
506.0,707.0,3.967343536847876,-0.009996192177193424,0.015223767306570391,3.5512749998277724,0.01697588607175715,False
28.0,685.0,4.550207268693256,-0.006505839128314157,0.02243207761397485,3.1747842743055856,0.017012057189111845,False
684.0,29.0,4.550207268693256,0.006505839128314166,0.02243207761397485,3.8719542634893176,0.017012057189111855,False
604.0,605.0,4.78397015090413,0.0,0.08108101442264996,8.20515357223149,0.017519104527123897,True
610.0,611.0,3.608872685554952,0.0,0.060277816618124126,10.799276608110107,0.01773381943335144,True
354.0,355.0,4.792195228120957,0.0,0.06088224393411351,9.092410070717689,0.017765856843628712,True
40.0,511.0,3.933292261700242,-0.009833392395552913,0.011970720303351714,2.5647844160894113,0.017834624544545652,False
510.0,41.0,3.933292261700242,0.00983339239555292,0.011970720303351714,2.64784241311256,0.01783462454454566,False
1022.0,757.0,4.469137052509548,-0.009802263817948222,0.00977337129161948,1.9845046797384507,0.017876375393234646,False
756.0,1023.0,4.469137052509548,0.009802263817948227,0.00977337129161948,2.574624367552762,0.017876375393234653,False
754.0,833.0,3.900942738187783,0.009038524743565,0.0062698451963347345,1.2874217001512298,0.018010242597931513,False
832.0,755.0,3.900942738187783,-0.009038524743565,0.0062698451963347345,0.9530236819497699,0.018010242597931513,False
682.0,903.0,4.563457775117316,-0.007178808987796593,0.010469034522054258,2.3157765011387133,0.018082542241316057,False
902.0,683.0,4.563457775117316,0.007178808987796596,0.010469034522054258,1.957168278591137,0.018082542241316064,False
830.0,695.0,3.724577713562687,0.003978043084206591,0.015349185812152555,2.931155877270286,0.01824071167732598,False
694.0,831.0,3.724577713562687,-0.003978043084206594,0.015349185812152555,2.400668764022663,0.018240711677325983,False
470.0,123.0,3.9142765413335407,-0.009860936020705313,0.013704121336579623,2.9429099396910683,0.018432639780699096,False
122.0,471.0,3.9142765413335407,0.009860936020705317,0.013704121336579623,2.1766231352362895,0.0184326397806991,False
376.0,305.0,3.91093398149013,-0.009953372628579003,0.004414861262003116,0.8206445865936217,0.018625353183875107,False
304.0,377.0,3.91093398149013,0.009953372628579003,0.004414861262003116,0.8588090695419557,0.018625353183875107,False
866.0,319.0,3.9097648116966184,-0.009973107096125748,0.005859221768388167,1.3224473806400852,0.0186801627452272,False
318.0,867.0,3.9097648116966184,0.009973107096125748,0.005859221768388167,0.9071536106297492,0.0186801627452272,False
760.0,865.0,4.8172798264336,0.00020722097833893866,0.015996256631960637,2.1664252371583586,0.01872561577134693,False
864.0,761.0,4.8172798264336,-0.00020722097833894443,0.015996256631960637,2.402755824594493,0.018725615771346935,False
238.0,657.0,4.8237526512557345,-0.00024249423324324004,0.02448566796402285,3.66436170728801,0.01895507377091527,False
656.0,239.0,4.8237526512557345,0.0002424942332432471,0.02448566796402285,4.133413709036046,0.018955073770915275,False
118.0,245.0,3.888122343557226,0.009972448164415684,0.00478995433569843,0.5273404785699657,0.019328777857698914,False
244.0,119.0,3.888122343557226,-0.009972448164415684,0.00478995433569843,0.5800600033817507,0.019328777857698914,False
626.0,1.0,4.51832899428429,-0.00997375360304184,0.006444552279024698,1.1516301677505698,0.019523623431570533,False
0.0,627.0,4.51832899428429,0.009973753603041844,0.006444552279024698,1.3922751619632898,0.019523623431570533,False
634.0,321.0,3.8391214904111104,0.008840448100329967,0.010772655591869549,1.9764886711553828,0.01966680338799666,False
320.0,635.0,3.8391214904111104,-0.008840448100329967,0.010772655591869549,1.7162485448974654,0.01966680338799666,False
718.0,719.0,3.5326135328619834,0.0,0.04553323172806355,9.562164244556909,0.0200215940141405,True
124.0,839.0,4.754696301120078,0.003619673283286891,0.004737385754657365,0.7725939011421252,0.020260562316889233,False
838.0,125.0,4.754696301120078,-0.003619673283286891,0.004737385754657365,1.0617890226172297,0.020260562316889233,False
748.0,749.0,3.5135005290252237,0.0,0.043827487820632956,6.980655631584505,0.020594984129243293,True
46.0,47.0,4.891051756093941,0.0,0.04112928700237432,8.139468474939447,0.020731552682818233,True
226.0,943.0,3.8181381013301543,0.009507762221478061,0.007860566867148821,1.5526593723156565,0.020963619181573436,False
942.0,227.0,3.8181381013301543,-0.009507762221478061,0.007860566867148821,1.8764387956957753,0.020963619181573436,False
174.0,175.0,4.906697923292912,0.0,0.05807593992375849,11.378317163232593,0.021200937698787347,True
710.0,711.0,3.488983180269216,0.0,0.0412990455687084,8.559315657342731,0.02133050459192352,True
192.0,193.0,4.91373613837761,0.0,0.054982677130519436,10.74675933132406,0.02141208415132829,True
586.0,803.0,4.603817671411949,-0.009558171385002513,0.0047349220351605124,0.8724911026846575,0.02167270152736099,False
802.0,587.0,4.603817671411949,0.009558171385002511,0.0047349220351605124,1.0869761547555885,0.02167270152736099,False
742.0,909.0,3.798398789374012,0.009833293038569613,0.01723728496579524,3.3698262371920165,0.021881329357349252,False
908.0,743.0,3.798398789374012,-0.009833293038569613,0.01723728496579524,3.12052968812178,0.021881329357349252,False
36.0,935.0,4.620961455531603,-0.00936896868484446,0.00839467029860609,1.6148810274133358,0.021997812350792546,False
934.0,37.0,4.620961455531603,0.009368968684844464,0.00839467029860609,1.7563847395728476,0.021997812350792546,False
1004.0,1005.0,3.449007290607678,0.0,0.0645390814691403,11.038544756785562,0.02252978128176967,True
1008.0,263.0,4.647712484015978,-0.009131634447029784,0.011618911172248789,2.250296562075243,0.022563008967509113,False
262.0,1009.0,4.647712484015978,0.009131634447029795,0.011618911172248789,2.4192330705609812,0.022563008967509124,False
620.0,621.0,3.427237657232655,-6.938893903907228e-18,0.03333340040125567,7.9119532569442255,0.023182870283020365,True
422.0,423.0,3.42043508489257,0.0,0.0320077391114357,6.580929409182047,0.0233869474532229,True
538.0,1001.0,3.72003418466185,0.00899121583267442,0.004882784249095041,0.8954646081008976,0.023390190292818927,False
1000.0,539.0,3.72003418466185,-0.008991215832674426,0.004882784249095041,0.8005267044109258,0.023390190292818934,False
806.0,335.0,4.710125841780359,0.008178613612811362,0.015206491206266225,2.3847502443901067,0.02348238886622212,False
334.0,807.0,4.710125841780359,-0.008178613612811365,0.015206491206266225,3.6646594767931466,0.023482388866222125,False
686.0,313.0,3.620413034482951,-0.006398329895909188,0.0006328871550385293,0.08732663344528398,0.023785938861420667,False
312.0,687.0,3.620413034482951,0.006398329895909188,0.0006328871550385293,0.08086265634775774,0.023785938861420667,False
1002.0,401.0,3.72913408139504,0.009962813544437718,0.014365236173462505,3.284427499442057,0.024088791102586514,False
400.0,1003.0,3.72913408139504,-0.009962813544437718,0.014365236173462505,3.2202585939816495,0.024088791102586514,False
738.0,797.0,3.7172871489813724,-0.009813938712190398,0.012334831274047598,1.9994704729971615,0.02429532424274923,False
796.0,739.0,3.7172871489813724,0.009813938712190405,0.012334831274047598,2.4618112239088403,0.024295324242749237,False
296.0,795.0,4.732161265503699,-0.008458322731937678,0.003752741091282999,0.7800149043798831,0.02442316069704863,False
794.0,297.0,4.732161265503699,0.008458322731937681,0.003752741091282999,0.8533746715935085,0.024423160697048633,False
578.0,579.0,3.3748540584974607,0.0,0.10085882284752005,10.564073482845911,0.024754378245076186,True
434.0,383.0,4.802715626474303,0.006764914783042491,0.014686731464726757,2.3205144904867416,0.024846383577271564,False
382.0,435.0,4.802715626474303,-0.006764914783042496,0.014686731464726757,2.363481288226003,0.02484638357727157,False
454.0,67.0,4.8702014858621965,-0.005284549605343539,0.012523783294604882,2.935222527855063,0.02539059418120943,False
66.0,455.0,4.8702014858621965,0.005284549605343539,0.012523783294604882,2.542864546316949,0.02539059418120943,False
206.0,403.0,3.667637439371883,-0.00954760638995674,0.014393960338899503,2.9114658063488106,0.025518483208800256,False
402.0,207.0,3.667637439371883,0.009547606389956748,0.014393960338899503,2.6507379741570185,0.025518483208800263,False
948.0,949.0,5.054025277796779,0.0,0.03896524906033051,5.7538754856276295,0.025620758333903353,True
100.0,101.0,5.061908164203158,0.0,0.07279018492854292,9.657763583404316,0.02585724492609472,True
698.0,991.0,4.738065911839714,-0.00975381950402961,0.000990739096424869,0.23358444632485417,0.025895796859221016,False
990.0,699.0,4.738065911839714,0.00975381950402961,0.000990739096424869,0.2079409871924066,0.025895796859221016,False
762.0,763.0,5.071336056157338,0.0,0.0604701736762667,4.801207227826312,0.026140081684720134,True
548.0,549.0,5.071980499495762,3.469446951953614e-18,0.0319331267293026,4.5467209463848315,0.02615941498487286,True
134.0,135.0,5.072677187293451,0.0,0.037349642984468544,5.504027462085744,0.02618031561880351,True
236.0,853.0,4.871008823499288,-0.006203035244856121,0.005875556873688343,1.232472017057438,0.026333299949834757,False
852.0,237.0,4.871008823499288,0.006203035244856124,0.005875556873688343,1.0567810542595102,0.02633329994983476,False
62.0,513.0,3.6207048213400217,0.008977595302254185,0.00815475226259268,1.4860434606568844,0.026356450662053537,False
512.0,63.0,3.6207048213400217,-0.008977595302254185,0.00815475226259268,1.7294224343733078,0.026356450662053537,False
672.0,43.0,3.3171368312528995,0.0004795052030610314,0.008584779863567763,2.2463539321359063,0.02696540026547405,False
42.0,673.0,3.3171368312528995,-0.0004795052030610314,0.008584779863567763,1.6236201741056235,0.02696540026547405,False
90.0,91.0,3.2978807468545197,0.0,0.06046157761034889,12.839454826907758,0.027063577594364414,True
338.0,339.0,5.124266864933393,0.0,0.08631598534772261,10.559429071406079,0.02772800594800178,True
618.0,619.0,3.270187004606841,0.0,0.045889090404588134,7.651356181926752,0.027894389861794773,True
550.0,281.0,3.545764031552299,0.008517275517404867,0.0074973614150421475,1.4363243933167178,0.028144354570835896,False
280.0,551.0,3.545764031552299,-0.008517275517404867,0.0074973614150421475,1.5239535450884412,0.028144354570835896,False
322.0,713.0,3.5834926400898643,0.009746149177840793,0.018537503186247067,2.9956247079182097,0.028241369975144866,False
712.0,323.0,3.5834926400898643,-0.009746149177840797,0.018537503186247067,3.077866553556729,0.02824136997514487,False
412.0,413.0,3.2485150840489996,0.0,0.048343036274361095,10.083161784567515,0.028544547478530018,True
954.0,257.0,3.56661387919134,0.009765588290982508,0.008494878290649575,1.282813904182643,0.028767171915242314,False
256.0,955.0,3.56661387919134,-0.009765588290982508,0.008494878290649575,1.6402933775507191,0.028767171915242314,False
704.0,705.0,5.162408824624034,-3.469446951953614e-18,0.03287758575755428,7.112858554443536,0.02887226473872102,True
964.0,225.0,5.126604344024496,-0.001156555083263483,0.005675256991154716,1.0092950765367956,0.028954685403998367,False
224.0,965.0,5.126604344024496,0.001156555083263483,0.005675256991154716,1.2218358868018673,0.028954685403998367,False
782.0,515.0,3.552242610684446,0.009861775093656634,0.007774900740382012,1.4136279730644608,0.029294496773123267,False
514.0,783.0,3.552242610684446,-0.009861775093656641,0.007774900740382012,1.0954546439937363,0.029294496773123273,False
886.0,887.0,3.2205704436587292,0.0,0.04846189571258699,9.707807694740131,0.029382886690238127,True
536.0,117.0,3.5477289033615165,0.009905992016900816,0.00938464348805056,1.7488093415882262,0.029474124916055326,False
116.0,537.0,3.5477289033615165,-0.00990599201690082,0.00938464348805056,1.7076848376660163,0.02947412491605533,False
792.0,389.0,5.180324376336967,-0.0002310400848260924,0.0017823730602359,0.31696947392370733,0.029640771374935086,False
388.0,793.0,5.180324376336967,0.0002310400848260924,0.0017823730602359,0.36928095966161206,0.029640771374935086,False
72.0,255.0,3.5076614470322633,-0.009082625246737502,0.010390167874348911,1.9630948617819959,0.029852781835769608,False
254.0,73.0,3.5076614470322633,0.009082625246737502,0.010390167874348911,1.5307329120943098,0.029852781835769608,False
408.0,223.0,3.5286851848496164,0.009948563832081543,0.011994789780934274,1.9835096372129157,0.030088008286593058,False
222.0,409.0,3.5286851848496164,-0.00994856383208155,0.011994789780934274,1.9382188247403043,0.030088008286593065,False
290.0,291.0,3.1823461256926775,0.0,0.07529776071917216,5.707986242147204,0.03052961622921968,True
484.0,167.0,3.4864896646829977,0.009405310451988225,0.016302086414517733,2.6832474779596343,0.0308106205114983,False
166.0,485.0,3.4864896646829977,-0.009405310451988225,0.016302086414517733,2.8141529607589986,0.0308106205114983,False
952.0,983.0,4.928981750371775,-0.009010794588305882,0.01137887252870863,1.3686872395738214,0.030880247099459118,False
982.0,953.0,4.928981750371775,0.009010794588305886,0.01137887252870863,1.7914321053755196,0.03088024709945912,False
54.0,373.0,3.4800034485759457,0.009373774500158333,0.014108438594848735,1.9272382342584498,0.030973671042879968,False
372.0,55.0,3.4800034485759457,-0.009373774500158333,0.014108438594848735,1.8250794719715655,0.030973671042879968,False
892.0,893.0,5.233350930742964,0.0,0.05081958604053512,9.045505992327241,0.03100052792228892,True
294.0,295.0,5.233457489091279,0.0,0.04016511021208622,6.104021451032512,0.031003724672738365,True
950.0,161.0,3.4868421150813345,0.009640272598414712,0.009145910599765373,1.6489812421332528,0.031035009145974683,False
160.0,951.0,3.4868421150813345,-0.009640272598414712,0.009145910599765373,1.7869131334449966,0.031035009145974683,False
556.0,675.0,3.446585976527074,-0.008881005909176648,0.0007774373728863665,0.18301652123014425,0.03148342661336443,False
674.0,557.0,3.446585976527074,0.008881005909176648,0.0007774373728863665,0.1267101782516816,0.03148342661336443,False
308.0,309.0,3.1448838094698397,0.0,0.08516686777414507,10.102152830011015,0.03165348571590482,True
362.0,363.0,5.267067220121924,0.0,0.046716170025397456,7.152124214723042,0.03201201660365772,True
482.0,483.0,5.271020500431812,0.0,0.06302292631222357,6.409377785423059,0.03213061501295434,True
486.0,487.0,3.122932654079402,0.0,0.06885932739197606,9.730716182991326,0.03231202037761795,True
822.0,191.0,3.303371593613041,-0.005773208494206192,0.0033854060084583144,0.7251960085521828,0.03267206068581498,False
190.0,823.0,3.303371593613041,0.005773208494206192,0.0033854060084583144,0.7253075755837433,0.03267206068581498,False
396.0,397.0,3.1082043021332098,0.0,0.043999380214992945,10.058883480774842,0.03275387093600371,True
442.0,613.0,3.2167447539208536,0.0038583714911406275,0.009073187313364053,1.6771209275504424,0.03335602887351502,False
612.0,443.0,3.2167447539208536,-0.0038583714911406275,0.009073187313364053,1.989609247250275,0.03335602887351502,False
164.0,165.0,3.083876383373068,0.0,0.040655429351687034,9.207490560319728,0.03348370849880796,True
940.0,75.0,5.0069405063649555,-0.009289422956196426,0.009535483898718368,1.7616340552051561,0.033497638147145084,False
74.0,941.0,5.0069405063649555,0.009289422956196426,0.009535483898718368,2.1735156355488376,0.033497638147145084,False
680.0,681.0,3.082776557600103,0.0,0.10504342135081073,10.483944236769787,0.03351670327199691,True
456.0,457.0,5.323832221155808,0.0,0.08620757994183191,6.423294136576826,0.03371496663467423,True
332.0,163.0,3.246121867961109,0.00536195101174386,0.008935586933987577,1.712517534941553,0.0339782949729106,False
162.0,333.0,3.246121867961109,-0.00536195101174386,0.008935586933987577,2.234865237033205,0.0339782949729106,False
692.0,693.0,5.335184829728914,0.0,0.06459284926928287,10.508353349292081,0.03405554489186741,True
658.0,659.0,3.0505814813170256,0.0,0.06449208515387377,10.041331379463704,0.034482555560489236,True
448.0,449.0,3.0468328691642332,0.0,0.11719693680871104,10.134236266557032,0.034595013925073005,True
986.0,267.0,3.1598834946516097,0.0034381179776712956,0.00857006697153153,1.5960015928478237,0.034641613138123015,False
266.0,987.0,3.1598834946516097,-0.0034381179776712956,0.00857006697153153,1.5385297963198763,0.034641613138123015,False
1018.0,1019.0,3.0412929930338892,0.0,0.08373712902294453,7.786696613783248,0.034761210208983324,True
398.0,399.0,3.0388103785804073,0.0,0.0367720040628514,6.610297597170864,0.034835688642587785,True
804.0,387.0,3.3395291094521897,0.009168784967291177,0.002976637115931078,0.6022496726862724,0.034982911683725484,False
386.0,805.0,3.3395291094521897,-0.009168784967291177,0.002976637115931078,0.6345482893084754,0.034982911683725484,False
76.0,837.0,5.274650328456269,0.002875649080338369,0.003539030914959598,0.7181829752961708,0.035115158934026426,False
836.0,77.0,5.274650328456269,-0.002875649080338369,0.003539030914959598,0.7847088219002232,0.035115158934026426,False
310.0,311.0,3.012541707453113,0.0,0.06889961091072316,11.366873985393772,0.03562374877640661,True
702.0,589.0,3.3097440086862364,0.008932961242948428,0.003627731123530079,0.6009754613038135,0.03564064098236134,False
588.0,703.0,3.3097440086862364,-0.008932961242948428,0.003627731123530079,0.6555965509301488,0.03564064098236134,False
504.0,235.0,5.086017655674563,0.009278651278154929,0.005489487064646668,1.0683857232303693,0.0358591809483918,False
234.0,505.0,5.086017655674563,-0.009278651278154929,0.005489487064646668,1.0590757443016228,0.0358591809483918,False
474.0,395.0,3.3290607494011732,-0.009857552686727486,0.00698078858160338,1.3257499965985513,0.03598573020469229,False
394.0,475.0,3.3290607494011732,0.009857552686727493,0.00698078858160338,1.2613406030269199,0.0359857302046923,False
370.0,777.0,3.3072596700402697,-0.009349965067076867,0.003460212026533422,0.5677099572571136,0.03613217496586878,False
776.0,371.0,3.3072596700402697,0.00934996506707686,0.003460212026533422,0.5971583203748215,0.03613217496586878,False
984.0,985.0,2.992064556044314,0.0,0.07459999112346911,10.800312349661995,0.03623806331867058,True
624.0,625.0,2.9920544407364247,0.0,0.09011230909845133,8.175202491499387,0.03623836677790726,True
48.0,105.0,3.2854676173255575,-0.009030770891408524,0.01186662589773773,1.8597464244390483,0.036466742371641804,False
104.0,49.0,3.2854676173255575,0.009030770891408524,0.01186662589773773,1.4406846308191772,0.036466742371641804,False
180.0,181.0,2.9768875159955526,0.0,0.0435347303326047,5.271029041745601,0.03669337452013343,True
790.0,791.0,2.9532357190656637,0.0,0.057600766896245915,9.023344208091281,0.03740292842803009,True
596.0,597.0,5.450867270204892,0.0,0.0365091312205708,8.668124904946822,0.03752601810614675,True
384.0,977.0,3.234582059961522,0.008761106204136476,0.005583760432218438,0.9831965452946679,0.037723644405290815,False
976.0,385.0,3.234582059961522,-0.008761106204136476,0.005583760432218438,1.2368024177872103,0.037723644405290815,False
360.0,361.0,5.46024493284826,0.0,0.042630977737871285,6.022731622610311,0.037807347985447805,True
350.0,351.0,2.9373611784691227,0.0,0.08698093857906525,8.05122779423584,0.037879164645926326,True
564.0,103.0,5.143329026797589,-0.009854110204705393,0.009098620774256681,1.9091161189797825,0.03815398100863304,False
102.0,565.0,5.143329026797589,0.00985411020470539,0.009098620774256681,1.5669901213178303,0.03815398100863304,False
664.0,461.0,3.2415030388565134,-0.009526714841318784,0.0030600178267485324,0.41142162659690606,0.03828162367562339,False
460.0,665.0,3.2415030388565134,0.009526714841318784,0.0030600178267485324,0.42146627356517324,0.03828162367562339,False
642.0,185.0,3.242503343236288,-0.009748286776702059,0.006357878254348061,1.0362145332327937,0.038473186479613425,False
184.0,643.0,3.242503343236288,0.009748286776702059,0.006357878254348061,1.1730763362255225,0.038473186479613425,False
480.0,481.0,2.8981755834517475,0.0,0.0609265457591887,12.394442575021126,0.03905473249644758,True
872.0,873.0,2.898068518722069,0.0,0.10134103470416152,10.6064084634773,0.039057944438337926,True
614.0,559.0,3.0970872121928528,0.006056612622270405,0.005949967172086207,1.0448790469568154,0.03914399625648483,False
558.0,615.0,3.0970872121928528,-0.006056612622270405,0.005949967172086207,1.2057746602828512,0.03914399625648483,False
1032.0,247.0,3.208419028545246,0.009754564657064854,0.006788076389639122,1.6345762043019965,0.039501993800707486,False
246.0,1033.0,3.208419028545246,-0.009754564657064854,0.006788076389639122,1.4380143361417348,0.039501993800707486,False
764.0,691.0,5.184231545362685,-0.009976962283323617,0.015054733222953115,2.9031050839574597,0.039503908644204166,False
690.0,765.0,5.184231545362685,0.00997696228332362,0.015054733222953115,2.868198419083472,0.03950390864420417,False
154.0,155.0,2.8803086294656026,0.0,0.08785787829848678,7.575574005762166,0.039590741116031926,True
736.0,815.0,5.239928739214156,-0.008860484710083353,0.012975440010494515,2.6624226783658367,0.040058346886508014,False
814.0,737.0,5.239928739214156,0.008860484710083355,0.012975440010494515,2.4391770975376628,0.040058346886508014,False
768.0,261.0,3.1779481856116063,0.009486902178526248,0.0032995381339006244,0.57989627716211,0.04014845661017806,False
260.0,769.0,3.1779481856116063,-0.009486902178526255,0.0032995381339006244,0.780496893301817,0.040148456610178074,False
820.0,821.0,2.839206115708134,0.0,0.06282587187304757,4.989753281671579,0.04082381652875598,True
772.0,773.0,2.8349706393892538,0.0,0.0428592749651972,9.0962584902688,0.04095088081832239,True
916.0,969.0,3.143343252012444,-0.00943115365891957,0.0089934277791604,1.7064779341768361,0.041130856098546255,False
968.0,917.0,3.143343252012444,0.00943115365891957,0.0089934277791604,1.7044382331382484,0.041130856098546255,False
436.0,571.0,3.1534626934787613,-0.00987713264948073,0.0038472534270536304,0.8191006429756317,0.041273251845117896,False
570.0,437.0,3.1534626934787613,0.00987713264948073,0.0038472534270536304,0.9189304882076935,0.041273251845117896,False
662.0,663.0,2.8079136630652854,0.0,0.07297705343453526,10.381754534124514,0.04176259010804144,True
936.0,203.0,5.373023119805501,-0.006672335802992788,0.0009743704557859216,0.1399056821996571,0.04186302939715783,False
202.0,937.0,5.373023119805501,0.006672335802992788,0.0009743704557859216,0.18388878598077302,0.04186302939715783,False
306.0,307.0,5.613325041574439,0.0,0.06401873243151164,9.094581481294309,0.04239975124723315,True
670.0,1035.0,3.106152063044425,-0.00986761119050246,0.014895365835657101,2.2479178171813743,0.04268304929916971,False
1034.0,671.0,3.106152063044425,0.00986761119050246,0.014895365835657101,1.7189947198916944,0.04268304929916971,False
574.0,575.0,2.7758773807733537,0.0,0.07681964203461152,11.546863230638984,0.042723678576799394,True
344.0,881.0,3.065359830842784,-0.008847640086552026,0.00623722424977979,1.3590100163553724,0.04288684516126851,False
880.0,345.0,3.065359830842784,0.008847640086552033,0.00623722424977979,1.120640336678911,0.04288684516126852,False
660.0,199.0,3.0469947742532795,-0.008449278054522988,0.005317989261023382,0.991218359747331,0.04303943482692461,False
198.0,661.0,3.0469947742532795,0.008449278054522988,0.005317989261023382,0.9874233913338463,0.04303943482692461,False
922.0,729.0,3.0839918410490603,0.009873941806373132,0.006171565896241623,1.2193807484106458,0.043354186574901324,False
728.0,923.0,3.0839918410490603,-0.009873941806373132,0.006171565896241623,1.0732302706456098,0.043354186574901324,False
22.0,81.0,2.9849679025721283,0.006963822099046897,0.004438293910087564,0.8396853056647664,0.043414785021883055,False
80.0,23.0,2.9849679025721283,-0.006963822099046904,0.004438293910087564,0.9904176416220094,0.04341478502188306,False
444.0,445.0,2.738491352683642,0.0,0.08846419455226202,11.205693413230497,0.04384525941949074,True
928.0,759.0,3.0620787077096083,0.009994857584816302,0.00698705985569064,1.710301780619572,0.044132496353528054,False
758.0,929.0,3.0620787077096083,-0.009994857584816302,0.00698705985569064,1.3460271602061635,0.044132496353528054,False
606.0,651.0,3.0291899185019284,-0.009147438552216752,0.00835722382987466,2.019316024628207,0.0442717409971589,False
650.0,607.0,3.0291899185019284,0.00914743855221676,0.00835722382987466,1.7542196058891362,0.04427174099715891,False
82.0,129.0,2.926266021644084,-0.006095938191901296,0.005267570281229827,0.7940296662955798,0.04430795754257878,False
128.0,83.0,2.926266021644084,0.006095938191901296,0.005267570281229827,0.595334983196936,0.04430795754257878,False
458.0,459.0,2.7178314161686954,0.0,0.03576184644546921,4.374842539796725,0.04446505751493914,True
630.0,631.0,2.7130042406698527,0.0,0.07979421645515589,11.616201972814274,0.04460987277990442,True
896.0,897.0,2.7108101545876027,0.0,0.04471375814402698,8.971387700231137,0.044675695362371926,True
876.0,877.0,2.708449497744593,0.0,0.0623934077880259,10.813760516222866,0.04474651506766222,True
532.0,533.0,2.697952753328643,0.0,0.06570943805712999,5.417130081828852,0.04506141740014072,True
60.0,721.0,2.9912566179305027,-0.009305077163488329,0.004037484384502001,0.70698135257752,0.04556737862557325,False
720.0,61.0,2.9912566179305027,0.009305077163488329,0.004037484384502001,0.7475153160488828,0.04556737862557325,False
300.0,1007.0,5.4155094574177385,0.009553555677098615,0.005992789651651915,1.0835331973604947,0.046018839399630765,False
1006.0,301.0,5.4155094574177385,-0.009553555677098619,0.005992789651651915,1.32827800870908,0.046018839399630765,False
646.0,647.0,2.6613173486077644,0.0,0.060442059561247236,9.945486211117132,0.04616047954176707,True
1030.0,1031.0,2.635083924044303,0.0,0.03461144935578942,7.493420722066069,0.04694748227867091,True
996.0,417.0,2.921758451023863,0.008668765800474182,0.009264469766033671,1.640789157515349,0.0470160122697583,False
416.0,997.0,2.921758451023863,-0.008668765800474189,0.009264469766033671,1.8998318870044955,0.04701601226975831,False
438.0,439.0,2.629092224533715,0.0,0.07109521936038435,7.6260248540237985,0.04712723326398855,True
746.0,747.0,2.612320492833459,0.0,0.061797588005016155,7.592294452898337,0.04763038521499623,True
492.0,493.0,2.5983322103417184,0.0,0.03239710306124123,6.623783012447999,0.04805003368974845,True
96.0,97.0,2.5948188624643675,0.0,0.03040465793364381,3.359818369094571,0.04815543412606898,True
302.0,303.0,2.5930071373689216,0.0,0.044565409373316954,7.368340289687536,0.048209785878932356,True
584.0,195.0,5.7869363203382695,0.0006438023552434273,0.012764765816775032,2.1191440812605844,0.04825189196539151,False
194.0,585.0,5.7869363203382695,-0.0006438023552434308,0.012764765816775032,2.087482143859022,0.04825189196539151,False
270.0,271.0,2.5912864808755947,0.0,0.040308844189802746,7.729908043705482,0.048261405573732166,True
8.0,367.0,2.910811271722575,0.00966414307285525,0.0025220553469659894,0.5432544447654688,0.04833980492117801,False
366.0,9.0,2.910811271722575,-0.00966414307285525,0.0025220553469659894,0.4955427347582399,0.04833980492117801,False
468.0,469.0,2.566693019213819,-2.7755575615628914e-17,0.07559905428874503,12.350852351701493,0.04899920942358547,True
170.0,547.0,2.8313779626819584,0.007965969712899465,0.01116375459506374,2.0814113153517386,0.04902463083244072,False
546.0,171.0,2.8313779626819584,-0.007965969712899465,0.01116375459506374,2.0957064183308547,0.04902463083244072,False
1028.0,623.0,2.784042667537946,0.007052751333401018,0.007473033787916836,1.6584072153813183,0.04953147130726264,False
622.0,1029.0,2.784042667537946,-0.007052751333401025,0.007473033787916836,1.3499989886811186,0.049531471307262646,False
824.0,825.0,2.5444403185885553,0.0,0.03634475034241119,5.318977772119771,0.049666790442343345,True
988.0,649.0,2.7531996315903475,0.006314273516994026,0.011889230404383591,2.219325084614898,0.0497182845692836,False
648.0,989.0,2.7531996315903475,-0.006314273516994026,0.011889230404383591,2.429331395821465,0.0497182845692836,False
16.0,53.0,5.622601454387542,-0.007177227002745066,0.007672439097763979,1.6861846209406306,0.049855270634371326,False
52.0,17.0,5.622601454387542,0.007177227002745066,0.007672439097763979,1.4574881469311565,0.049855270634371326,False
92.0,93.0,2.516642947401439,0.0,0.12368296833393738,8.872765141797505,0.05050071157795683,True
554.0,497.0,2.5970777598628016,0.0026008608219224433,0.009597514374657352,2.1592323956667077,0.0506885280260384,False
496.0,555.0,2.5970777598628016,-0.0026008608219224433,0.009597514374657352,2.2561445979911507,0.0506885280260384,False
112.0,569.0,2.7530787106412884,-0.007321382158067685,0.008275841689968942,1.1506982207663565,0.050729020838829034,False
568.0,113.0,2.7530787106412884,0.007321382158067685,0.008275841689968942,1.4707276478669178,0.050729020838829034,False
628.0,89.0,2.830558528074032,-0.009964337712624921,0.01027187839485795,1.9839316043807846,0.051047581870403966,False
88.0,629.0,2.830558528074032,0.009964337712624921,0.01027187839485795,1.4223856062665645,0.051047581870403966,False
688.0,689.0,2.4947925389803567,0.0,0.09099163468261492,12.15235230587299,0.0511562238305893,True
342.0,173.0,5.7064607619298675,-0.006003280407647676,0.011056909957332437,1.9427370657743932,0.05119710326554369,False
172.0,343.0,5.7064607619298675,0.006003280407647674,0.011056909957332437,2.3135726979079845,0.05119710326554369,False
668.0,527.0,2.795470921340656,0.009126668641853672,0.0033343634699141388,0.5840734905517448,0.05126254100163399,False
526.0,669.0,2.795470921340656,-0.009126668641853672,0.0033343634699141388,0.6270743556463886,0.05126254100163399,False
914.0,915.0,2.490527934810282,0.0,0.03561480076547314,7.601498375780159,0.05128416195569155,True
980.0,981.0,2.4786074736354324,0.0,0.03423579278909678,5.681545070023358,0.05164177579093703,True
284.0,535.0,2.6226768067028594,-0.0044520007100112835,0.010246303403510067,2.3112290545373315,0.051771696508925505,False
534.0,285.0,2.6226768067028594,0.004452000710011297,0.010246303403510067,1.4704991830939438,0.05177169650892552,False
450.0,451.0,2.449713245630414,0.0,0.0771821334797148,13.199424818299619,0.052508602631087586,True
640.0,641.0,2.446762858571563,0.0,0.0327786976473358,7.394027044947077,0.05259711424285312,True
230.0,231.0,5.953893252160425,0.0,0.06635473994288318,9.923860140485557,0.05261679756481274,True
828.0,829.0,2.4451841291091885,0.0,0.04191063487468546,8.483887152468915,0.05264447612672435,True
12.0,13.0,2.4377807053583638,0.0,0.06832012180587753,9.545749449003665,0.05286657883924909,True
998.0,999.0,5.970150567634947,3.469446951953614e-18,0.0725171893543368,9.949287011902253,0.05310451702904842,True
598.0,599.0,2.4121002846247714,0.0,0.04414186694927385,10.34939750223481,0.05363699146125686,True
130.0,131.0,2.410785708427288,0.0,0.08020255851199402,10.409774595012259,0.05367642874718136,True
94.0,639.0,2.480642363574546,0.002666720253101884,0.00602929179755354,0.9358930929653568,0.054247449345865506,False
638.0,95.0,2.480642363574546,-0.002666720253101898,0.00602929179755354,0.8596507715388374,0.05424744934586552,False
528.0,529.0,2.3880734541892137,0.0,0.07508396151884507,9.612863939790353,0.05435779637432359,True
708.0,709.0,2.3774383599994158,0.0,0.047538602206816105,7.2293749826027875,0.05467684920001753,True
654.0,441.0,2.6781244411546314,0.00952858942116025,0.005198984291133805,0.815987503452254,0.05518485618652131,False
440.0,655.0,2.6781244411546314,-0.00952858942116025,0.005198984291133805,0.9403436926922971,0.05518485618652131,False
86.0,545.0,6.0430595976243575,0.00023018001280273974,0.00607235453098396,1.1034138944245637,0.05552196794153346,False
544.0,87.0,6.0430595976243575,-0.00023018001280273974,0.00607235453098396,1.1299472329012896,0.05552196794153346,False
340.0,341.0,2.3456944199059846,0.0,0.06628731241130806,11.335689887336645,0.055629167402820465,True
562.0,809.0,2.5513221374694988,-0.00617453107461001,0.00648185805082448,1.163326505533661,0.05563486695052505,False
808.0,563.0,2.5513221374694988,0.00617453107461001,0.00648185805082448,0.8570117685212003,0.05563486695052505,False
740.0,667.0,2.6541508672560745,-0.009277478666320185,0.0037857462507492334,0.9282486203748038,0.055652952648637954,False
666.0,741.0,2.6541508672560745,0.009277478666320185,0.0037857462507492334,0.7490780621858699,0.055652952648637954,False
552.0,553.0,2.3443909519456634,0.0,0.09744062271428253,11.055909829826227,0.0556682714416301,True
424.0,425.0,6.063846210148755,0.0,0.029941552615314507,6.00968984098536,0.05591538630446265,True
30.0,31.0,2.3078569272507794,0.0,0.06207090975579436,9.073462831398086,0.05676429218247662,True
212.0,213.0,2.3022296458541502,0.0,0.06538264412677047,11.087261135241315,0.0569331106243755,True
328.0,329.0,2.3014885282295507,0.0,0.09856941696436805,10.764337541620927,0.05695534415311348,True
70.0,379.0,2.339943669600289,-0.0011697992956253844,0.00749042666745094,1.302761260033124,0.05697148920761672,False
378.0,71.0,2.339943669600289,0.0011697992956253983,0.00749042666745094,1.0986436915023166,0.056971489207616736,False
186.0,187.0,2.2853074417739476,0.0,0.07962522331842277,9.257125880750742,0.05744077674678157,True
944.0,945.0,2.273073051635172,0.0,0.04621057334915633,8.934411550417021,0.057807808450944846,True
974.0,975.0,2.2569680989219023,0.0,0.09387528265211834,6.210419237327227,0.05829095703234293,True
786.0,787.0,2.2501121080694704,0.0,0.17060961451605178,9.956390472843154,0.058496636757915894,True
132.0,133.0,2.249527126962902,0.0,0.07712726568586223,11.26430198336584,0.05851418619111294,True
632.0,633.0,2.249280100949915,0.0,0.07599591138869667,9.543903837960883,0.05852159697150256,True
18.0,463.0,2.42262636835597,0.0056424499167255365,0.0027986781725676466,0.26196987622608786,0.058963658866046445,False
462.0,19.0,2.42262636835597,-0.00564244991672555,0.0027986781725676466,0.27353926085984187,0.05896365886604646,False
800.0,801.0,6.16720416487608,0.0,0.036130347671192005,7.558731411809265,0.05901612494628239,True
232.0,233.0,2.230533139157605,0.0,0.11502746187702548,6.641589448280325,0.05908400582527186,True
204.0,205.0,2.2263776377156477,0.0,0.040993733845988235,6.407709600911583,0.05920867086853057,True
850.0,851.0,2.2164649828604537,1.3877787807814457e-17,0.05056262627638398,11.460199026438522,0.05950605051418641,True
286.0,287.0,2.2083114009842655,0.0,0.04031417138176213,9.242910452385505,0.05975065797047204,True
426.0,427.0,6.191706831476366,0.0,0.04929063500990221,7.425084588804471,0.05975120494429097,True
608.0,609.0,2.2002581287425835,0.0,0.06788343225707222,13.238533265488869,0.059992256137722494,True
